<?xml version="1.0" encoding="UTF-8" standalone="yes"?>
<addon id="repository.KryptoBuild" name="Krypto Repo" version="1.5.2" provider-name="KryptoBuild">
	<extension point="xbmc.addon.repository" name="KryptoRepo">
		<info compressed="false">https://kryptobuild.xyz/Plugins/addons.xml</info>
		<checksum>https://kryptobuild.xyz/Plugins/addons.xml.md5</checksum>
		<datadir zip="true">https://kryptobuild.xyz/Plugins/</datadir>
	</extension>
	<extension point="xbmc.addon.metadata">
		<summary>KryptoBuilds Repo</summary>
		<description>KryptoBuild Repo for the latest updates from KryptoBuild</description>
		<platform>all</platform>
	</extension>
</addon>

