<?xml version="1.0" encoding="UTF-8"?>
<window id="3033">
    <defaultcontrol always="true">1000</defaultcontrol>
    <allowoverlay>no</allowoverlay>
    <controls>
      

        <include>Furniture_Background</include>
        <include>Furniture_TopBar</include>
        <include>Furniture_RSS</include>

        <control type="group">
            <include>Animation_FadeIn</include>
            <include>Animation_FadeOut</include>
            <include>GlobalOverlay</include>
        </control>
        
        <!-- Main -->

        <control type="group">
            <include>Animation_SlideIn</include>
            <include>Animation_FadeOut</include>
            <include>Defs_ViewBackground</include>

            
            
            <control type="group">
                <left>bigpad</left>
                <right>bigpad</right>
                <top>-8</top>
                <bottom>bigpad</bottom>
                <include>Dialog_Background</include>
                <include content="Dialog_Top_IconHeader">
                    <param name="label" value="$ADDON[service.libreelec.settings 600]" />
                    <param name="icon" value="special://skin/extras/icons/libreelec.png" />
                </include>
                <!-- Main List -->
                <control type="group">
                    <left>bigpad</left>
                    <top>80</top>
                    <bottom>92</bottom>
                    <width>465</width>
                    <include>Object_FlatBackground</include>
                    
                    <control type="list" id="1000">
                        <top>0</top>
                        <bottom>72</bottom>
                        <itemgap>0</itemgap>
                        <onleft>20</onleft>
                        <onup>noop</onup>
                        <ondown>20</ondown>
                        <onright>5</onright>
                        <ondown>noop</ondown>
                        <width>465</width>
                        <itemlayout height="72" width="465">
                            <control type="label">
                                <left>bigpad</left>
                                <right>bigpad</right>
                                <label>$INFO[ListItem.Label]</label>
                                <font>Font-ListInfo-Small</font>
                                <textcolor>ListLabel</textcolor>
                            </control>
                        </itemlayout>
                        <focusedlayout height="72" width="465">
                            <control type="image">
                                <texture colordiffuse="$VAR[HighlightColor]">common/white.png</texture>
                            </control>
                            <control type="label">
                                <left>bigpad</left>
                                <right>bigpad</right>
                                <label>$INFO[ListItem.Label]</label>
                                <textcolor>Selected</textcolor>
                                <font>Font-ListInfo-Small</font>
                            </control>
                        </focusedlayout>
                    </control>                    
                </control>

                <!-- Sub List -->
                <control type="group">
                    <left>505</left>
                    <top>80</top>
                    <bottom>92</bottom>
                    <right>bigpad</right>
                    <include>Object_FlatBackground</include>
                    <control type="group" id="8100">
                        <!-- SIMPLE LIST CONTENT -->
                        <control type="panel" id="1100">
                            <left>0</left>
                            <top>0</top>
                            <bottom>0</bottom>
                            <onleft>1000</onleft>
                            <onright>1500</onright>
                            <scrolltime>300</scrolltime>
                            <pagecontrol>1097</pagecontrol>
                            <visible>String.IsEqual(Container(1000).ListItem.Property(listTyp), 1100)</visible>
                            <itemlayout height="72" width="settingslistw">
                                <!-- entry name and text value -->
                                <control type="group">
                                    <visible>!String.IsEqual(ListItem.Property(Typ), separator)</visible>
                                    <control type="label">
                                        <aligny>center</aligny>
                                        <textoffsetx>bigpad</textoffsetx>
                                        <height>72</height>
                                        <textcolor>ListLabel</textcolor>
                                        <info>ListItem.Label</info>
                                        <font>Font-ListInfo-Small</font>
                                    </control>
                                    <control type="label">
                                        <align>right</align>
                                        <aligny>center</aligny>
                                        <textoffsetx>bigpad</textoffsetx>
                                        <height>72</height>
                                        <textcolor>ListLabel</textcolor>
                                        <font>Font-ListInfo-Small</font>
                                        <info>ListItem.Property(value)</info>
                                        <visible>!String.IsEqual(ListItem.Property(Typ), bool) + !String.IsEqual(ListItem.Property(Typ), button)</visible>
                                    </control>
                                </control>
                                <!-- section name / seperator -->
                                <control type="group">
                                    <visible>String.IsEqual(ListItem.Property(Typ), separator)</visible>
                                    <control type="label">
                                        <aligny>center</aligny>
                                        <textoffsetx>20</textoffsetx>
                                        <height>72</height>
                                        <align>left</align>
                                        <font>Font-ListInfo-Small-Bold</font>
                                        <textcolor>$VAR[gold]</textcolor>
                                        <info>ListItem.Label</info>
                                    </control>
                                </control>
                                <!-- boolean value -->
                                <control type="group">
                                    <visible>String.IsEqual(ListItem.Property(Typ), bool)</visible>
                                    <control type="image">
                                        <left>settingsradioposx</left>
                                        <centertop>50%</centertop>
                                        <width>32</width>
                                        <height>32</height>
                                        <texture colordiffuse="Disabled">common/radio-off.png</texture>
                                        <visible>String.IsEqual(ListItem.Property(value), 0) | String.IsEqual(ListItem.Property(value), false) | String.IsEmpty(ListItem.Property(value))</visible>
                                    </control>
                                    <control type="image">
                                        <left>settingsradioposx</left>
                                        <centertop>50%</centertop>
                                        <width>32</width>
                                        <height>32</height>
                                        <texture colordiffuse="ListLabel">common/radio-on.png</texture>
                                        <visible>String.IsEqual(ListItem.Property(value), 1) | String.IsEqual(ListItem.Property(value), true)</visible>
                                    </control>
                                </control>
                                <!-- button / execute value -->
                                <control type="group">
                                    <visible>String.IsEqual(ListItem.Property(Typ), button)</visible>
                                    <control type="image">
                                        <right>5</right>
                                        <centertop>50%</centertop>
                                        <width>48</width>
                                        <height>48</height>
                                        <texture colordiffuse="ListLabel">special://skin/extras/icons/warning.png</texture>
                                    </control>
                                </control>
                            </itemlayout>
                            <focusedlayout height="72" width="settingslistw">
                                <control type="image">
                                    <height>72</height>
                                    <texture colordiffuse="$VAR[HighlightColor]">common/white.png</texture>
                                    <visible>!String.IsEqual(ListItem.Property(Typ), separator)</visible>
                                </control>
                                <!-- entry name and text value -->
                                <control type="group">
                                    <visible>!String.IsEqual(ListItem.Property(Typ), separator)</visible>
                                    <control type="label">
                                        <aligny>center</aligny>
                                        <textoffsetx>bigpad</textoffsetx>
                                        <height>72</height>
                                        <textcolor>Selected</textcolor>
                                        <info>ListItem.Label</info>
                                        <font>Font-ListInfo-Small</font>
                                    </control>
                                    <control type="label">
                                        <align>right</align>
                                        <aligny>center</aligny>
                                        <textoffsetx>bigpad</textoffsetx>
                                        <height>72</height>
                                        <textcolor>Selected</textcolor>
                                        <font>Font-ListInfo-Small</font>
                                        <info>ListItem.Property(value)</info>
                                        <visible>!String.IsEqual(ListItem.Property(Typ), bool) + !String.IsEqual(ListItem.Property(Typ), button)</visible>
                                    </control>
                                </control>
                                <!-- section name / seperator -->
                                <control type="group">
                                    <visible>String.IsEqual(ListItem.Property(Typ), separator)</visible>
                                    <control type="label">
                                        <aligny>center</aligny>
                                        <textoffsetx>20</textoffsetx>
                                        <height>72</height>
                                        <align>left</align>
                                        <font>Font-ListInfo-Small-Bold</font>
                                        <textcolor>$VAR[gold]</textcolor>
                                        <info>ListItem.Label</info>
                                    </control>
                                </control>
                                <!-- boolean value -->
                                <control type="group">
                                    <visible>String.IsEqual(ListItem.Property(Typ), bool)</visible>
                                    <control type="image">
                                        <left>settingsradioposx</left>
                                        <centertop>50%</centertop>
                                        <width>32</width>
                                        <height>32</height>
                                        <texture colordiffuse="Disabled">common/radio-off.png</texture>
                                        <visible>String.IsEqual(ListItem.Property(value), 0) | String.IsEqual(ListItem.Property(value), false) | String.IsEmpty(ListItem.Property(value))</visible>
                                    </control>
                                    <control type="image">
                                        <left>settingsradioposx</left>
                                        <centertop>50%</centertop>
                                        <width>32</width>
                                        <height>32</height>
                                        <texture colordiffuse="Selected">common/radio-on.png</texture>
                                        <visible>String.IsEqual(ListItem.Property(value), 1) | String.IsEqual(ListItem.Property(value), true)</visible>
                                    </control>
                                </control>
                                <!-- button / execute value -->
                                <control type="group">
                                    <visible>String.IsEqual(ListItem.Property(Typ), button)</visible>
                                    <control type="image">
                                        <right>5</right>
                                        <centertop>50%</centertop>
                                        <width>48</width>
                                        <height>48</height>
                                        <texture colordiffuse="Selected">special://skin/extras/icons/warning.png</texture>
                                    </control>
                                </control>
                            </focusedlayout>
                        </control>

                        <!-- NETWORK CONTENT -->
                        <control type="panel" id="1200">
                            <left>0</left>
                            <top>0</top>
                            <right>0</right>
                            <bottom>0</bottom>
                            <onleft>1000</onleft>
                            <onright>1500</onright>
                            <pagecontrol>1098</pagecontrol>
                            <scrolltime>300</scrolltime>
                            <visible>String.IsEqual(Container(1000).ListItem.Property(listTyp), 1200)</visible>
                            <itemlayout height="144" width="settingslistw">
                                <!-- Icon ethernet -->
                                <control type="image">
                                    <left>40</left>
                                    <centertop>50%</centertop>
                                    <width>48</width>
                                    <height>48</height>
                                    <aspectratio>keep</aspectratio>
                                    <visible>String.IsEqual(ListItem.Property(netType), ethernet)</visible>
                                    <texture>special://xbmc/addons/service.libreelec.settings/resources/skins/Default/media/icons/eth.png</texture>
                                </control>
                                <!-- Icon wifi -->
                                <control type="image">
                                    <left>40</left>
                                    <centertop>50%</centertop>
                                    <width>48</width>
                                    <height>48</height>
                                    <aspectratio>keep</aspectratio>
                                    <visible>String.IsEqual(ListItem.Property(netType), wifi)</visible>
                                    <texture>special://xbmc/addons/service.libreelec.settings/resources/skins/Default/media/icons/wlan.png</texture>
                                </control>
                                <!-- Connection Name -->
                                <control type="label">
                                    <left>140</left>
                                    <width>300</width>
                                    <height>30</height>
                                    <centertop>37%</centertop>
                                    <font>Font-ListInfo-Small-Bold</font>
                                    <textcolor>ListLabel</textcolor>
                                    <info>ListItem.Label</info>
                                    <visible>true</visible>
                                </control>
                                <!-- Interface -->
                                <control type="label">
                                    <left>140</left>
                                    <centerbottom>37%</centerbottom>
                                    <width>300</width>
                                    <height>20</height>
                                    <font>Font-ListInfo-Small</font>
                                    <textcolor>$VAR[gold]</textcolor>
                                    <label>$ADDON[service.libreelec.settings 601]: [COLOR=ListLabel]$INFO[ListItem.Property(Interface)][/COLOR]</label>
                                    <!-- <visible>!String.IsEmpty(ListItem.Property(Interface))</visible> -->
                                </control>
                                <!-- Connection Address -->
                                <control type="label">
                                    <left>740</left>
                                    <centerbottom>37%</centerbottom>
                                    <width>290</width>
                                    <height>20</height>
                                    <font>Font-ListInfo-Small</font>
                                    <textcolor>$VAR[gold]</textcolor>
                                    <visible>String.IsEqual(ListItem.Property(State), online) | String.IsEqual(ListItem.Property(State), ready)</visible>
                                    <label>$ADDON[service.libreelec.settings 602]: [COLOR=ListLabel]$INFO[ListItem.Property(Address)][/COLOR]</label>
                                </control>
                                <!-- Method -->
                                <control type="label">
                                    <left>500</left>
                                    <centerbottom>37%</centerbottom>
                                    <width>200</width>
                                    <height>20</height>
                                    <font>Font-ListInfo-Small</font>
                                    <textcolor>$VAR[gold]</textcolor>
                                    <label>$ADDON[service.libreelec.settings 603]: [COLOR=ListLabel]$INFO[ListItem.Property(Method)][/COLOR]</label>
                                </control>
                                <!-- State -->
                                <control type="label">
                                    <left>500</left>
                                    <centertop>37%</centertop>
                                    <width>200</width>
                                    <height>20</height>
                                    <font>Font-ListInfo-Small</font>
                                    <textcolor>$VAR[gold]</textcolor>
                                    <label>$ADDON[service.libreelec.settings 604]: [COLOR=ListLabel]$INFO[ListItem.Property(State)][/COLOR]</label>
                                </control>
                                <!-- Signal strength -->
                                <control type="progress">
                                    <left>20</left>
                                    <bottom>17</bottom>
                                    <right>20</right>
                                    <height>3</height>
                                    <info>ListItem.Property(Strength)</info>
                                    <visible>String.IsEqual(ListItem.Property(netType), wifi)</visible>
                                </control>
                                <!-- Signal strength value -->
                                <control type="label">
                                    <right>100</right>
                                    <centerbottom>37%</centerbottom>
                                    <width>40</width>
                                    <height>20</height>
                                    <font>Font-ListInfo-Small</font>
                                    <align>right</align>
                                    <textcolor>ListLabel</textcolor>
                                    <label>$INFO[ListItem.Property(Strength)]</label>
                                    <visible>String.IsEqual(ListItem.Property(netType), wifi)</visible>
                                </control>
                                <!-- Online Symbol (top right) -->
                                <control type="image">
                                    <right>20</right>
                                    <centertop>37%</centertop>
                                    <width>30</width>
                                    <height>30</height>
                                    <aspectratio>keep</aspectratio>
                                    <visible>String.IsEqual(ListItem.Property(State), online)</visible>
                                    <texture>special://xbmc/addons/service.libreelec.settings/resources/skins/Default/media/icons/connected.png</texture>
                                </control>
                                <!-- Favorite Symbol (bottom right) -->
                                <control type="image">
                                    <right>60</right>
                                    <centerbottom>37%</centerbottom>
                                    <width>20</width>
                                    <height>20</height>
                                    <aspectratio>keep</aspectratio>
                                    <visible>String.IsEqual(ListItem.Property(Favorite), 1)</visible>
                                    <texture>special://xbmc/addons/service.libreelec.settings/resources/skins/Default/media/icons/Favorite.png</texture>
                                </control>
                                <!-- Secure Symbol (bottom right) -->
                                <control type="image">
                                    <right>20</right>
                                    <centerbottom>37%</centerbottom>
                                    <width>32</width>
                                    <height>20</height>
                                    <aspectratio>keep</aspectratio>
                                    <visible>Integer.IsEqual(ListItem.Property(Security), 1)</visible>
                                    <texture>special://xbmc/addons/service.libreelec.settings/resources/skins/Default/media/icons/Key.png</texture>
                                </control>
                                <!-- Insecure Symbol (bottom right) -->
                                <control type="image">
                                    <right>20</right>
                                    <centerbottom>37%</centerbottom>
                                    <width>32</width>
                                    <height>20</height>
                                    <aspectratio>keep</aspectratio>
                                    <visible>Integer.IsEqual(ListItem.Property(Security), 0)</visible>
                                    <texture>special://xbmc/addons/service.libreelec.settings/resources/skins/Default/media/icons/Unlock.png</texture>
                                </control>
                            </itemlayout>
                            <focusedlayout height="144" width="settingslistw">
                                <control type="image">
                                    <texture colordiffuse="$VAR[HighlightColor]">common/white.png</texture>
                                    <visible>!String.IsEqual(ListItem.Property(Typ), separator)</visible>
                                </control>
                                <!-- Icon ethernet -->
                                <control type="image">
                                    <left>40</left>
                                    <centertop>50%</centertop>
                                    <width>48</width>
                                    <height>48</height>
                                    <aspectratio>keep</aspectratio>
                                    <visible>String.IsEqual(ListItem.Property(netType), ethernet)</visible>
                                    <texture>special://xbmc/addons/service.libreelec.settings/resources/skins/Default/media/icons/eth.png</texture>
                                </control>
                                <!-- Icon wifi -->
                                <control type="image">
                                    <left>40</left>
                                    <centertop>50%</centertop>
                                    <width>48</width>
                                    <height>48</height>
                                    <aspectratio>keep</aspectratio>
                                    <visible>String.IsEqual(ListItem.Property(netType), wifi)</visible>
                                    <texture>special://xbmc/addons/service.libreelec.settings/resources/skins/Default/media/icons/wlan.png</texture>
                                </control>
                                <!-- Connection Name -->
                                <control type="label">
                                    <left>140</left>
                                    <width>300</width>
                                    <height>30</height>
                                    <centertop>37%</centertop>
                                    <font>Font-ListInfo-Small-Bold</font>
                                    <textcolor>Selected</textcolor>
                                    <info>ListItem.Label</info>
                                    <visible>true</visible>
                                </control>
                                <!-- Interface -->
                                <control type="label">
                                    <left>140</left>
                                    <centerbottom>37%</centerbottom>
                                    <width>300</width>
                                    <height>20</height>
                                    <font>Font-ListInfo-Small</font>
                                    <textcolor>Selected</textcolor>
                                    <label>$ADDON[service.libreelec.settings 601]: [COLOR=ListLabel]$INFO[ListItem.Property(Interface)][/COLOR]</label>
                                    <!-- <visible>!String.IsEmpty(ListItem.Property(Interface))</visible> -->
                                </control>
                                <!-- Connection Address -->
                                <control type="label">
                                    <left>740</left>
                                    <centerbottom>37%</centerbottom>
                                    <width>290</width>
                                    <height>20</height>
                                    <font>Font-ListInfo-Small</font>
                                    <textcolor>Selected</textcolor>
                                    <visible>String.IsEqual(ListItem.Property(State), online) | String.IsEqual(ListItem.Property(State), ready)</visible>
                                    <label>$ADDON[service.libreelec.settings 602]: [COLOR=ListLabel]$INFO[ListItem.Property(Address)][/COLOR]</label>
                                </control>
                                <!-- Method -->
                                <control type="label">
                                    <left>500</left>
                                    <centerbottom>37%</centerbottom>
                                    <width>200</width>
                                    <height>20</height>
                                    <font>Font-ListInfo-Small</font>
                                    <textcolor>Selected</textcolor>
                                    <label>$ADDON[service.libreelec.settings 603]: [COLOR=ListLabel]$INFO[ListItem.Property(Method)][/COLOR]</label>
                                </control>
                                <!-- State -->
                                <control type="label">
                                    <left>500</left>
                                    <centertop>37%</centertop>
                                    <width>200</width>
                                    <height>20</height>
                                    <font>Font-ListInfo-Small</font>
                                    <textcolor>Selected</textcolor>
                                    <label>$ADDON[service.libreelec.settings 604]: [COLOR=ListLabel]$INFO[ListItem.Property(State)][/COLOR]</label>
                                </control>
                                <!-- Signal strength -->
                                <control type="progress">
                                    <left>20</left>
                                    <bottom>17</bottom>
                                    <right>20</right>
                                    <height>3</height>
                                    <info>ListItem.Property(Strength)</info>
                                    <visible>String.IsEqual(ListItem.Property(netType), wifi)</visible>
                                </control>
                                <!-- Signal strength value -->
                                <control type="label">
                                    <right>100</right>
                                    <centerbottom>37%</centerbottom>
                                    <width>40</width>
                                    <height>20</height>
                                    <font>Font-ListInfo-Small</font>
                                    <align>right</align>
                                    <textcolor>Selected</textcolor>
                                    <label>$INFO[ListItem.Property(Strength)]</label>
                                    <visible>String.IsEqual(ListItem.Property(netType), wifi)</visible>
                                </control>
                                <!-- Online Symbol (top right) -->
                                <control type="image">
                                    <right>20</right>
                                    <centertop>37%</centertop>
                                    <width>30</width>
                                    <height>30</height>
                                    <aspectratio>keep</aspectratio>
                                    <visible>String.IsEqual(ListItem.Property(State), online)</visible>
                                    <texture>special://xbmc/addons/service.libreelec.settings/resources/skins/Default/media/icons/connected.png</texture>
                                </control>
                                <!-- Favorite Symbol (bottom right) -->
                                <control type="image">
                                    <right>60</right>
                                    <centerbottom>37%</centerbottom>
                                    <width>20</width>
                                    <height>20</height>
                                    <aspectratio>keep</aspectratio>
                                    <visible>String.IsEqual(ListItem.Property(Favorite), 1)</visible>
                                    <texture>special://xbmc/addons/service.libreelec.settings/resources/skins/Default/media/icons/Favorite.png</texture>
                                </control>
                                <!-- Secure Symbol (bottom right) -->
                                <control type="image">
                                    <right>20</right>
                                    <centerbottom>37%</centerbottom>
                                    <width>32</width>
                                    <height>20</height>
                                    <aspectratio>keep</aspectratio>
                                    <visible>Integer.IsEqual(ListItem.Property(Security), 1)</visible>
                                    <texture>special://xbmc/addons/service.libreelec.settings/resources/skins/Default/media/icons/Key.png</texture>
                                </control>
                                <!-- Insecure Symbol (bottom right) -->
                                <control type="image">
                                    <right>20</right>
                                    <centerbottom>37%</centerbottom>
                                    <width>32</width>
                                    <height>20</height>
                                    <aspectratio>keep</aspectratio>
                                    <visible>Integer.IsEqual(ListItem.Property(Security), 0)</visible>
                                    <texture>special://xbmc/addons/service.libreelec.settings/resources/skins/Default/media/icons/Unlock.png</texture>
                                </control>
                            </focusedlayout>
                        </control>

                        <!-- BLUETOOTH Content -->
                        <control type="label" id="1301">
                            <align>center</align>
                            <aligny>center</aligny>
                            <visible>String.IsEqual(Container(1000).ListItem.Property(listTyp), 1300) + String.IsEqual(Container(1300).NumItems, 0)</visible>
                        </control>
                        <control type="panel" id="1300">
                            <left>0</left>
                            <top>0</top>
                            <onleft>1000</onleft>
                            <onright>1500</onright>
                            <pagecontrol>1099</pagecontrol>
                            <scrolltime>300</scrolltime>
                            <visible>String.IsEqual(Container(1000).ListItem.Property(listTyp), 1300)</visible>
                            <itemlayout height="144" width="settingslistw">
                                <!-- default -->
                                <control type="image">
                                    <left>40</left>
                                    <centertop>50%</centertop>
                                    <width>48</width>
                                    <height>48</height>
                                    <aspectratio>keep</aspectratio>
                                    <visible>String.IsEqual(ListItem.Property(Icon), default)</visible>
                                    <texture>special://xbmc/addons/service.libreelec.settings/resources/skins/Default/media/icons/bt.png</texture>
                                </control>
                                <!-- modem -->
                                <control type="image">
                                    <left>40</left>
                                    <centertop>50%</centertop>
                                    <width>48</width>
                                    <height>48</height>
                                    <aspectratio>keep</aspectratio>
                                    <visible>String.IsEqual(ListItem.Property(Icon), modem)</visible>
                                    <texture>special://xbmc/addons/service.libreelec.settings/resources/skins/Default/media/icons/bt-modem.png</texture>
                                </control>
                                <!-- audio -->
                                <control type="image">
                                    <left>40</left>
                                    <centertop>50%</centertop>
                                    <width>48</width>
                                    <height>48</height>
                                    <aspectratio>keep</aspectratio>
                                    <visible>String.IsEqual(ListItem.Property(Icon), audio-card)</visible>
                                    <texture>special://xbmc/addons/service.libreelec.settings/resources/skins/Default/media/icons/bt-audio-card.png</texture>
                                </control>
                                <!-- Camera Photo -->
                                <control type="image">
                                    <left>40</left>
                                    <centertop>50%</centertop>
                                    <width>48</width>
                                    <height>48</height>
                                    <aspectratio>keep</aspectratio>
                                    <visible>String.IsEqual(ListItem.Property(Icon), camera-photo)</visible>
                                    <texture>special://xbmc/addons/service.libreelec.settings/resources/skins/Default/media/icons/bt-camera-photo.png</texture>
                                </control>
                                <!-- Icon phone -->
                                <control type="image">
                                    <left>40</left>
                                    <centertop>50%</centertop>
                                    <width>48</width>
                                    <height>48</height>
                                    <aspectratio>keep</aspectratio>
                                    <visible>String.IsEqual(ListItem.Property(Icon), phone)</visible>
                                    <texture>special://xbmc/addons/service.libreelec.settings/resources/skins/Default/media/icons/bt-phone.png</texture>
                                </control>
                                <!-- camera-video -->
                                <control type="image">
                                    <left>40</left>
                                    <centertop>50%</centertop>
                                    <width>48</width>
                                    <height>48</height>
                                    <aspectratio>keep</aspectratio>
                                    <visible>String.IsEqual(ListItem.Property(Icon), camera-video)</visible>
                                    <texture>special://xbmc/addons/service.libreelec.settings/resources/skins/Default/media/icons/bt-camera-video.png</texture>
                                </control>
                                <!-- input-mouse -->
                                <control type="image">
                                    <left>40</left>
                                    <centertop>50%</centertop>
                                    <width>48</width>
                                    <height>48</height>
                                    <aspectratio>keep</aspectratio>
                                    <visible>String.IsEqual(ListItem.Property(Icon), input-mouse)</visible>
                                    <texture>special://xbmc/addons/service.libreelec.settings/resources/skins/Default/media/icons/bt-input-mouse.png</texture>
                                </control>
                                <!-- input-gaming -->
                                <control type="image">
                                    <left>40</left>
                                    <centertop>50%</centertop>
                                    <width>48</width>
                                    <height>48</height>
                                    <aspectratio>keep</aspectratio>
                                    <visible>String.IsEqual(ListItem.Property(Icon), input-gaming)</visible>
                                    <texture>special://xbmc/addons/service.libreelec.settings/resources/skins/Default/media/icons/bt-input-gaming.png</texture>
                                </control>
                                <!-- input-keyboard -->
                                <control type="image">
                                    <left>40</left>
                                    <centertop>50%</centertop>
                                    <width>48</width>
                                    <height>48</height>
                                    <aspectratio>keep</aspectratio>
                                    <visible>String.IsEqual(ListItem.Property(Icon), input-keyboard)</visible>
                                    <texture>special://xbmc/addons/service.libreelec.settings/resources/skins/Default/media/icons/bt-input-keyboard.png</texture>
                                </control>
                                <!-- input-tablet -->
                                <control type="image">
                                    <left>40</left>
                                    <centertop>50%</centertop>
                                    <width>48</width>
                                    <height>48</height>
                                    <aspectratio>keep</aspectratio>
                                    <visible>String.IsEqual(ListItem.Property(Icon), input-tablet)</visible>
                                    <texture>special://xbmc/addons/service.libreelec.settings/resources/skins/Default/media/icons/bt-input-tablet.png</texture>
                                </control>
                                <!-- Printer -->
                                <control type="image">
                                    <left>40</left>
                                    <centertop>50%</centertop>
                                    <width>48</width>
                                    <height>48</height>
                                    <aspectratio>keep</aspectratio>
                                    <visible>String.IsEqual(ListItem.Property(Icon), printer)</visible>
                                    <texture>special://xbmc/addons/service.libreelec.settings/resources/skins/Default/media/icons/bt-printer.png</texture>
                                </control>
                                <!-- Computer -->
                                <control type="image">
                                    <left>40</left>
                                    <centertop>50%</centertop>
                                    <width>48</width>
                                    <height>48</height>
                                    <aspectratio>keep</aspectratio>
                                    <visible>String.IsEqual(ListItem.Property(Icon), computer)</visible>
                                    <texture>special://xbmc/addons/service.libreelec.settings/resources/skins/Default/media/icons/bt-computer.png</texture>
                                </control>
                                <!-- Connection Name -->
                                <control type="label">
                                    <left>140</left>
                                    <centertop>50%</centertop>
                                    <width>490</width>
                                    <height>30</height>
                                    <font>Font-ListInfo-Small-Bold</font>
                                    <textcolor>ListLabel</textcolor>
                                    <info>ListItem.Label</info>
                                    <visible>true</visible>
                                </control>
                                <!-- Connection Address -->
                                <control type="label">
                                    <left>650</left>
                                    <centerbottom>37%</centerbottom>
                                    <width>340</width>
                                    <height>20</height>
                                    <font>Font-ListInfo-Small</font>
                                    <textcolor>$VAR[gold]</textcolor>
                                    <label>$ADDON[service.libreelec.settings 605]: [COLOR=ListLabel]$INFO[ListItem.Property(Address)][/COLOR]</label>
                                </control>
                                <!-- Connected State -->
                                <control type="label">
                                    <left>650</left>
                                    <centertop>37%</centertop>
                                    <width>340</width>
                                    <height>20</height>
                                    <font>Font-ListInfo-Small</font>
                                    <textcolor>$VAR[gold]</textcolor>
                                    <label>$ADDON[service.libreelec.settings 32333][COLOR=ListLabel]$INFO[ListItem.Property(ConnectedState)][/COLOR]</label>
                                </control>
                                <!-- Paired Symbol (bottom right) -->
                                <control type="image">
                                    <right>60</right>
                                    <centerbottom>37%</centerbottom>
                                    <width>20</width>
                                    <height>20</height>
                                    <aspectratio>keep</aspectratio>
                                    <visible>String.IsEqual(ListItem.Property(Paired), 1)</visible>
                                    <texture>special://xbmc/addons/service.libreelec.settings/resources/skins/Default/media/icons/Favorite.png</texture>
                                </control>
                                <!-- Trusted Symbol (bottom right) -->
                                <control type="image">
                                    <right>20</right>
                                    <centerbottom>37%</centerbottom>
                                    <width>20</width>
                                    <height>20</height>
                                    <aspectratio>keep</aspectratio>
                                    <visible>IntegerGreaterThan(ListItem.Property(Trusted), 0)</visible>
                                    <texture>special://xbmc/addons/service.libreelec.settings/resources/skins/Default/media/icons/Key.png</texture>
                                </control>
                            </itemlayout>
                            <focusedlayout height="144" width="settingslistw">
                                <control type="image">
                                    <texture colordiffuse="$VAR[HighlightColor]">common/white.png</texture>
                                </control>
                                <!-- default -->
                                <control type="image">
                                    <left>40</left>
                                    <centertop>50%</centertop>
                                    <width>48</width>
                                    <height>48</height>
                                    <aspectratio>keep</aspectratio>
                                    <visible>String.IsEqual(ListItem.Property(Icon), default)</visible>
                                    <texture>special://xbmc/addons/service.libreelec.settings/resources/skins/Default/media/icons/bt.png</texture>
                                </control>
                                <!-- modem -->
                                <control type="image">
                                    <left>40</left>
                                    <centertop>50%</centertop>
                                    <width>48</width>
                                    <height>48</height>
                                    <aspectratio>keep</aspectratio>
                                    <visible>String.IsEqual(ListItem.Property(Icon), modem)</visible>
                                    <texture>special://xbmc/addons/service.libreelec.settings/resources/skins/Default/media/icons/bt-modem.png</texture>
                                </control>
                                <!-- audio -->
                                <control type="image">
                                    <left>40</left>
                                    <centertop>50%</centertop>
                                    <width>48</width>
                                    <height>48</height>
                                    <aspectratio>keep</aspectratio>
                                    <visible>String.IsEqual(ListItem.Property(Icon), audio-card)</visible>
                                    <texture>special://xbmc/addons/service.libreelec.settings/resources/skins/Default/media/icons/bt-audio-card.png</texture>
                                </control>
                                <!-- Camera Photo -->
                                <control type="image">
                                    <left>40</left>
                                    <centertop>50%</centertop>
                                    <width>48</width>
                                    <height>48</height>
                                    <aspectratio>keep</aspectratio>
                                    <visible>String.IsEqual(ListItem.Property(Icon), camera-photo)</visible>
                                    <texture>special://xbmc/addons/service.libreelec.settings/resources/skins/Default/media/icons/bt-camera-photo.png</texture>
                                </control>
                                <!-- Icon phone -->
                                <control type="image">
                                    <left>40</left>
                                    <centertop>50%</centertop>
                                    <width>48</width>
                                    <height>48</height>
                                    <aspectratio>keep</aspectratio>
                                    <visible>String.IsEqual(ListItem.Property(Icon), phone)</visible>
                                    <texture>special://xbmc/addons/service.libreelec.settings/resources/skins/Default/media/icons/bt-phone.png</texture>
                                </control>
                                <!-- camera-video -->
                                <control type="image">
                                    <left>40</left>
                                    <centertop>50%</centertop>
                                    <width>48</width>
                                    <height>48</height>
                                    <aspectratio>keep</aspectratio>
                                    <visible>String.IsEqual(ListItem.Property(Icon), camera-video)</visible>
                                    <texture>special://xbmc/addons/service.libreelec.settings/resources/skins/Default/media/icons/bt-camera-video.png</texture>
                                </control>
                                <!-- input-mouse -->
                                <control type="image">
                                    <left>40</left>
                                    <centertop>50%</centertop>
                                    <width>48</width>
                                    <height>48</height>
                                    <aspectratio>keep</aspectratio>
                                    <visible>String.IsEqual(ListItem.Property(Icon), input-mouse)</visible>
                                    <texture>special://xbmc/addons/service.libreelec.settings/resources/skins/Default/media/icons/bt-input-mouse.png</texture>
                                </control>
                                <!-- input-gaming -->
                                <control type="image">
                                    <left>40</left>
                                    <centertop>50%</centertop>
                                    <width>48</width>
                                    <height>48</height>
                                    <aspectratio>keep</aspectratio>
                                    <visible>String.IsEqual(ListItem.Property(Icon), input-gaming)</visible>
                                    <texture>special://xbmc/addons/service.libreelec.settings/resources/skins/Default/media/icons/bt-input-gaming.png</texture>
                                </control>
                                <!-- input-keyboard -->
                                <control type="image">
                                    <left>40</left>
                                    <centertop>50%</centertop>
                                    <width>48</width>
                                    <height>48</height>
                                    <aspectratio>keep</aspectratio>
                                    <visible>String.IsEqual(ListItem.Property(Icon), input-keyboard)</visible>
                                    <texture>special://xbmc/addons/service.libreelec.settings/resources/skins/Default/media/icons/bt-input-keyboard.png</texture>
                                </control>
                                <!-- input-tablet -->
                                <control type="image">
                                    <left>40</left>
                                    <centertop>50%</centertop>
                                    <width>48</width>
                                    <height>48</height>
                                    <aspectratio>keep</aspectratio>
                                    <visible>String.IsEqual(ListItem.Property(Icon), input-tablet)</visible>
                                    <texture>special://xbmc/addons/service.libreelec.settings/resources/skins/Default/media/icons/bt-input-tablet.png</texture>
                                </control>
                                <!-- Printer -->
                                <control type="image">
                                    <left>40</left>
                                    <centertop>50%</centertop>
                                    <width>48</width>
                                    <height>48</height>
                                    <aspectratio>keep</aspectratio>
                                    <visible>String.IsEqual(ListItem.Property(Icon), printer)</visible>
                                    <texture>special://xbmc/addons/service.libreelec.settings/resources/skins/Default/media/icons/bt-printer.png</texture>
                                </control>
                                <!-- Computer -->
                                <control type="image">
                                    <left>40</left>
                                    <centertop>50%</centertop>
                                    <width>48</width>
                                    <height>48</height>
                                    <aspectratio>keep</aspectratio>
                                    <visible>String.IsEqual(ListItem.Property(Icon), computer)</visible>
                                    <texture>special://xbmc/addons/service.libreelec.settings/resources/skins/Default/media/icons/bt-computer.png</texture>
                                </control>
                                <!-- Connection Name -->
                                <control type="label">
                                    <left>140</left>
                                    <centertop>50%</centertop>
                                    <width>490</width>
                                    <height>30</height>
                                    <font>Font-ListInfo-Small-Bold</font>
                                    <textcolor>Selected</textcolor>
                                    <info>ListItem.Label</info>
                                    <visible>true</visible>
                                </control>
                                <!-- Connection Address -->
                                <control type="label">
                                    <left>650</left>
                                    <centerbottom>37%</centerbottom>
                                    <width>340</width>
                                    <height>20</height>
                                    <font>Font-ListInfo-Small</font>
                                    <textcolor>$VAR[gold]</textcolor>
                                    <label>$ADDON[service.libreelec.settings 605]: [COLOR=Selected]$INFO[ListItem.Property(Address)][/COLOR]</label>
                                </control>
                                <!-- Connected State -->
                                <control type="label">
                                    <left>650</left>
                                    <centertop>37%</centertop>
                                    <width>340</width>
                                    <height>20</height>
                                    <font>Font-ListInfo-Small</font>
                                    <textcolor>$VAR[gold]</textcolor>
                                    <label>$ADDON[service.libreelec.settings 32333][COLOR=Selected]$INFO[ListItem.Property(ConnectedState)][/COLOR]</label>
                                </control>
                                <!-- Paired Symbol (bottom right) -->
                                <control type="image">
                                    <right>60</right>
                                    <centerbottom>37%</centerbottom>
                                    <width>20</width>
                                    <height>20</height>
                                    <aspectratio>keep</aspectratio>
                                    <visible>String.IsEqual(ListItem.Property(Paired), 1)</visible>
                                    <texture>special://xbmc/addons/service.libreelec.settings/resources/skins/Default/media/icons/Favorite.png</texture>
                                </control>
                                <!-- Trusted Symbol (bottom right) -->
                                <control type="image">
                                    <right>20</right>
                                    <centerbottom>37%</centerbottom>
                                    <width>20</width>
                                    <height>20</height>
                                    <aspectratio>keep</aspectratio>
                                    <visible>IntegerGreaterThan(ListItem.Property(Trusted), 0)</visible>
                                    <texture>special://xbmc/addons/service.libreelec.settings/resources/skins/Default/media/icons/Key.png</texture>
                                </control>
                            </focusedlayout>
                        </control>

                        <!-- ABOUT -->
                        <control type="group" id="1900">
                            <left>30</left>
                            <right>30</right>
                            <top>30</top>
                            <visible>String.IsEqual(Container(1000).ListItem.Property(listTyp), 1900)</visible>
                            <!-- FIX ME: Logo for Libreelec -->
                            <control type="image">
                                <right>0</right>
                                <width>120</width>
                                <height>120</height>
                                <texture border="1">special://xbmc/addons/service.libreelec.settings/resources/skins/Default/media/default/logo_big.png</texture>
                            </control>
                            <control type="grouplist">
                                <itemgap>20</itemgap>
                                <orientation>vertical</orientation>
                                <control type="group">
                                    <height>20</height>
                                    <control type="label">
                                        <width>300</width>
                                        <align>left</align>
                                        <aligny>center</aligny>
                                        <textcolor>$VAR[gold]</textcolor>
                                        <label>$ADDON[service.libreelec.settings 606]</label>
                                    </control>
                                    <control type="label">
                                        <left>300</left>
                                        <width>500</width>
                                        <textcolor>ListLabel</textcolor>
                                        <align>left</align>
                                        <aligny>center</aligny>
                                        <label>$INFO[Window.Property(Distri)] ($INFO[Window.Property(build)])</label>
                                    </control>
                                </control>
                                <control type="group">
                                    <height>20</height>
                                    <control type="label">
                                        <width>300</width>
                                        <textcolor>$VAR[gold]</textcolor>
                                        <align>left</align>
                                        <aligny>center</aligny>
                                        <label>$ADDON[service.libreelec.settings 607]</label>
                                    </control>
                                    <control type="label">
                                        <left>300</left>
                                        <width>500</width>
                                        <textcolor>ListLabel</textcolor>
                                        <align>left</align>
                                        <aligny>center</aligny>
                                        <label>$INFO[Window.Property(Version)]</label>
                                    </control>
                                </control>
                                <control type="group">
                                    <height>40</height>
                                    <control type="label">
                                        <height>20</height>
                                        <width>300</width>
                                        <textcolor>$VAR[gold]</textcolor>
                                        <align>left</align>
                                        <aligny>center</aligny>
                                        <label>$ADDON[service.libreelec.settings 608]</label>
                                    </control>
                                    <control type="label">
                                        <height>20</height>
                                        <left>300</left>
                                        <width>500</width>
                                        <textcolor>ListLabel</textcolor>
                                        <align>left</align>
                                        <aligny>center</aligny>
                                        <label>$INFO[Window.Property(Arch)]</label>
                                    </control>
                                </control>
                                <control type="textbox">
                                    <height>auto</height>
                                    <font>Font-RSS</font>
                                    <textcolor>ListLabel</textcolor>
                                    <label>$ADDON[service.libreelec.settings 609]</label>
                                </control>
                                <control type="textbox">
                                    <height>auto</height>
                                    <font>Font-RSS</font>
                                    <textcolor>ListLabel</textcolor>
                                    <label>$ADDON[service.libreelec.settings 610]</label>
                                </control>
                                <control type="textbox">
                                    <height>auto</height>
                                    <font>Font-RSS</font>
                                    <textcolor>ListLabel</textcolor>
                                    <align>left</align>
                                </control>
                            </control>
                        </control>
                    </control>
                </control>

                <!-- INFO BOX -->
                <control type="group">
                    <bottom>bigpad</bottom>
                    <left>bigpad</left>
                    <right>bigpad</right>
                    <height>58</height>
                    <control type="image">
                        <left>-8</left>
                        <texture colordiffuse="gold">special://skin/extras/icons/info.png</texture>
                        <width>64</width>
                        <height>64</height>
                    </control>
                    <control type="textbox" id="1400">
                        <left>64</left>
                        <aligny>center</aligny>
                        <font>Font-RSS</font>
                        <label>$INFO[Window.Property(InfoText)]</label>
                        <textcolor>snow</textcolor>
                        <autoscroll delay="2000" time="4000" repeat="3000">True</autoscroll>
                    </control>
                </control>

                <!-- Button grouplist -->
                <control type="grouplist" id="8000">
                    <animation effect="slide" start="0" end="-586" time="0" condition="Control.IsVisible(3)">Conditional</animation>
                    <right>bigpad</right>
                    <top>pad</top>
                    <align>right</align>
                    <height>60</height>
                    <orientation>horizontal</orientation>
                    <itemgap>pad</itemgap>
                    <ondown>8100</ondown>
                    <onleft>8100</onleft>
                    <control type="button" id="1501">
                        <width>auto</width>
                        <height>100%</height>
                        <align>right</align>
                        <texturenofocus />
                        <texturefocus />
                        <focusedcolor>$VAR[HighlightColor]</focusedcolor>
                        <include>Defs_OptionButton</include>
                        <visible>!String.IsEmpty(Control.GetLabel(1501))</visible>
                    </control>
                    <control type="button" id="1500">
                        <width>auto</width>
                        <height>100%</height>
                        <align>right</align>
                        <texturenofocus />
                        <texturefocus />
                        <focusedcolor>$VAR[HighlightColor]</focusedcolor>
                        <include>Defs_OptionButton</include>
                        <visible>!String.IsEmpty(Control.GetLabel(1500))</visible>
                    </control>

                </control>
            </control>
        </control>

    </controls>
</window>

