<?xml version="1.0" encoding="UTF-8" standalone="yes"?>
<addon id="repository.loop" name="[COLORlime]Loop[/COLOR] Repository" version="2.0.0" provider-name="Loop">
	<extension point="xbmc.addon.repository" name="Loop Repository">
	<dir>
		<info compressed="false">https://raw.githubusercontent.com/teamuniversal/scrapers/master/_modules4all/zips/addons.xml</info>
		<checksum>https://raw.githubusercontent.com/teamuniversal/scrapers/master/_modules4all/zips/addons.xml.md5</checksum>
		<datadir zip="true">https://raw.githubusercontent.com/teamuniversal/scrapers/master/_modules4all/zips/</datadir>
	</dir>
	<dir>
		<info compressed="false">https://loopaddon.uk/zips/addons.xml</info>
		<checksum>https://loopaddon.uk/zips/addons.xml.md5</checksum>
		<datadir zip="true">https://loopaddon.uk/zips/</datadir>
	</dir>
	</extension>
	<extension point="xbmc.addon.metadata">
		<summary></summary>
		<description></description>
		<platform>all</platform>
	</extension>
</addon>