<?xml version="1.0" encoding="UTF-8"?>
<addon id="resource.uisounds.titan.modern" version="1.0.0" name="Titan UI Sounds (Modern)" provider-name="marcelveldt,mgonzales">
  <requires>
    <import addon="kodi.resource" version="1.0.0"/>
  </requires>
  <extension point="kodi.resource.uisounds"/>
  <extension point="kodi.addon.metadata">
    <summary lang="en">Titan UI Sounds (Modern)</summary>
    <description lang="en">Titan UI Sounds (Modern)</description>
    <platform>all</platform>
  </extension>
</addon>
