<colors>
    <color name="Background">ffdfdfdf</color>
    <color name="FanartFade">ffffffff</color>
    <color name="HomeBarBG">ffdfdfdf</color>
    <color name="HomeBarFG">ff333333</color>
    <color name="HomeBarTile">3e555555</color>
    <color name="HomeWidgetBG">ffdfdfdf</color>
    <color name="DialogBG">ffdfdfdf</color>
    <color name="HeaderHighlight">ff287ba8</color>
    <color name="Highlight">ff287ba8</color>
    <color name="Highlight2">ffe55e35</color>
    <color name="Selected">fff0f0f0</color>
    <color name="MainLabel">FF333333</color>
    <color name="SubLabel">BF333333</color>
    <color name="LineLabel">9F181818</color>
    <color name="SideArrow">5F181818</color>
    <color name="PosterBorder">3e555555</color>
    <color name="ObjectBackground">3e555555</color>
    <color name="ListLabel">bf181818</color>
    <color name="Disabled">2f181818</color>
    <color name="ListBG">bfdfdfdf</color>
</colors>