<?xml version="1.0" encoding="UTF-8" standalone="yes"?>
<addon id="plugin.program.Buildwizard" name="Chains Build wizard" version="2.0.3" provider-name="absolution Builds">
	<requires>
		<import addon="xbmc.python" version="2.1.0"/>
	</requires>
	<extension point="xbmc.python.pluginsource" library="default.py">
        <provides>executable</provides>
	</extension>
	<extension point="xbmc.service" library="startup.py" start="startup" />
	<extension point="xbmc.addon.metadata">
		<summary lang="en">Chains Build wizard</summary>
		<description lang="en">Chains Build Wizard allows you to get access to the latest Chains Custom Builds And Themes. Thanks whufclee at NaN, GUYS at TI, Brackets for the app installer!! RomanVM for the PyXBMCt libs. Fire TV Guru for the PyXBMCt layout  Also a very special Thanks to Surfacingx for the base code used in this add-on.</description>
		<platform>all</platform>
	</extension>
</addon>