<xml>
<dir>
<name>RNB Karaoke</name>
<link>plugin://plugin.video.youtube/playlist/PLlHp5Qe5LCjrMBAlIhI-l3y9E80mggmXz/</link>
<thumbnail></thumbnail>
<fanart></fanart>
</dir>

<dir>
<name>Rap/HipHop Karaoke</name>
<link>plugin://plugin.video.youtube/playlist/PLlHp5Qe5LCjoIc4rrkLGmmTD-E6OB6sg5/</link>
<thumbnail></thumbnail>
<fanart></fanart>
</dir>



<dir>
<name>Classic Rock Karaoke</name>
<link>plugin://plugin.video.youtube/playlist/PLlHp5Qe5LCjroTGkJ-Y7oOt4IdNffL7qT/</link>
<thumbnail></thumbnail>
<fanart></fanart>
</dir>

<dir>
<name>Latin Karaoke</name>
<link>http://magnetic.website/rock%20the%20mic/Latin.xml</link>
<thumbnail></thumbnail>
<fanart></fanart>
</dir>


<dir>
<name>Country Karaoke</name>
<link>plugin://plugin.video.youtube/playlist/PLlHp5Qe5LCjpq8ibIy0AGXjO_ifuPMyO5/</link>
<thumbnail></thumbnail>
<fanart></fanart>
</dir>

<dir>
<name>Best Of The 80's Karaoke</name>
<link>plugin://plugin.video.youtube/playlist/PLlHp5Qe5LCjrsUwk9lKxXrKZQ0Hqeu6f5/</link>
<thumbnail></thumbnail>
<fanart></fanart>
</dir>

<dir>
<name>Best Of The 90's Karaoke</name>
<link>plugin://plugin.video.youtube/playlist/PLlHp5Qe5LCjobYdFJ9e4nxUeHfhDRfWDb/</link>
<thumbnail></thumbnail>
<fanart></fanart>
</dir>





<dir>
<name>Drake Karaoke</name>
<link>plugin://plugin.video.youtube/playlist/PLlHp5Qe5LCjqRxiAPzKZRCy1lcPQME9oT/</link>
<thumbnail></thumbnail>
<fanart></fanart>
</dir>

<dir>
<name>Michael Jackson Karaoke</name>
<link>plugin://plugin.video.youtube/playlist/PLlHp5Qe5LCjq-2Y8lye1cCtlgE75V2eSx/</link>
<thumbnail></thumbnail>
<fanart></fanart>
</dir>


<dir>
<name>Rihanna Karaoke</name>
<link>plugin://plugin.video.youtube/playlist/PLlHp5Qe5LCjraIerpuH9upq-EKUjN4BAn/</link>
<thumbnail></thumbnail>
<fanart></fanart>
</dir>

<dir>
<name>Beyonce Karaoke</name>
<link>plugin://plugin.video.youtube/playlist/PLlHp5Qe5LCjputCvvFoii6Z6Gt9Pmfpjv/</link>
<thumbnail></thumbnail>
<fanart></fanart>
</dir>

<dir>
<name>Mariah Carey Karaoke</name>
<link>plugin://plugin.video.youtube/playlist/PLlHp5Qe5LCjpWsmDGIZG63jIVDA3lvPl7/</link>
<thumbnail></thumbnail>
<fanart></fanart>
</dir>



<dir>
<name>Katy Perry Karaoke</name>
<link>plugin://plugin.video.youtube/playlist/PL8D4Iby0Bmm-gi6w4g7ArnNdef-zblh8k/</link>
<thumbnail></thumbnail>
<fanart></fanart>
</dir>


<dir>
<name>Bruno Mars Karaoke</name>
<link>plugin://plugin.video.youtube/playlist/PLlHp5Qe5LCjpqQ5LW840xFtVT7wRo6PWm/</link>
<thumbnail></thumbnail>
<fanart></fanart>
</dir>

<dir>
<name>Justin Bieber Karaoke</name>
<link>plugin://plugin.video.youtube/playlist/PLlHp5Qe5LCjr8EhgkZDShrVLkxbtbr_hk/</link>
<thumbnail></thumbnail>
<fanart></fanart>
</dir>

<dir>
<name>PitBull Karaoke</name>
<link>plugin://plugin.video.youtube/playlist/PLlHp5Qe5LCjoPvLV5TjCh8V3GP6QtdIOK/</link>
<thumbnail></thumbnail>
<fanart></fanart>
</dir>

<dir>
<name>Linkin Park Karaoke</name>
<link>plugin://plugin.video.youtube/playlist/PLlHp5Qe5LCjohGpMO6A2KZB_CV5QUHYZ1/</link>
<thumbnail></thumbnail>
<fanart></fanart>
</dir>


<dir>
<name>Taylor Swift Karaoke</name>
<link>plugin://plugin.video.youtube/playlist/PL8D4Iby0Bmm-AFxvZbhUMzVCm6RiYjC2x/</link>
<thumbnail></thumbnail>
<fanart></fanart>
</dir>

<dir>
<name>One Direction Karaoke</name>
<link>plugin://plugin.video.youtube/playlist/PL8D4Iby0Bmm-273NtcP5dAk1T5DcZuXIS/</link>
<thumbnail></thumbnail>
<fanart></fanart>
</dir>

<dir>
<name>Britney Spears Karaoke</name>
<link>plugin://plugin.video.youtube/playlist/PLlHp5Qe5LCjo-LjKVkXPPzl1XFtbMtluh/</link>
<thumbnail></thumbnail>
<fanart></fanart>
</dir>

<dir>
<name>PitBull Karaoke</name>
<link>plugin://plugin.video.youtube/playlist/PLlHp5Qe5LCjoPvLV5TjCh8V3GP6QtdIOK/</link>
<thumbnail></thumbnail>
<fanart></fanart>
</dir>

<plugin>
  <title>[COLOR red]YouTube Search[/COLOR]</title>
  <link>plugin://plugin.video.youtube/kodion/search/input/</link>
  <thumbnail>https://1g74mu1yf6yv2fypw4c01yj1-wpengine.netdna-ssl.com/wp-content/uploads/2017/01/clear-youtube-search-history.jpg</thumbnail>
</plugin>




  <plugin>
    <name>Testings</name>
    <link>plugin://plugin.video.jenplugin/?action=developer</link>
    <thumbnail></thumbnail>
    <summary>Testings</summary>
  </plugin>
</xml>
