<?xml version="1.0" encoding="UTF-8"?>
<window>
    <!-- home -->
    <backgroundcolor>Background</backgroundcolor>
    <defaultcontrol always="true">9000</defaultcontrol>
	<!-- Skin Shortcuts check - TK 0.0.1 -->
	<onload condition="!System.HasAddon(script.skinshortcuts)">InstallAddon(script.skinshortcuts)</onload>
    <onload>RunScript(script.skinshortcuts,type=buildxml&amp;mainmenuID=9000&amp;group=mainmenu|x1101|x1102|x1103|x1104|x1105|x1106|x1107|x1108|x1109|x1111|x1112|x1113|x1114|x1115|x1116|x1117|x1118|x1119|powermenu)</onload>
    <onload condition="Skin.HasSetting(EnableColorFilter) + String.IsEmpty(Skin.String(global.background))">Skin.SetString(global.background,special://skin/extras/backgrounds/overlays/pattern0.jpg)</onload>
    <onload>ClearProperty(Header.Label,home)</onload>
    <onload>ClearProperty(Header.Icon,home)</onload>
    <onload>ClearProperty(HighlightColor,home)</onload>
    <onload>ClearProperty(FO9001)</onload>
    <onload>ClearProperty(extinfo,home)</onload>
    <onload>SetProperty(HubReturn,Home)</onload>
    <onunload>SetProperty(HubReturn,Home)</onunload>
    <onload condition="String.IsEmpty(Skin.String(home.style))">Skin.SetString(home.style,$LOCALIZE[31180])</onload>
    <onload condition="String.IsEmpty(Skin.String(home.widgetposters))">Skin.SetString(home.widgetposters,$LOCALIZE[31153])</onload>
    <onload condition="!String.IsEmpty(Skin.String(home.headericon))">SetProperty(Header.Icon,$INFO[Skin.String(home.headericon)])</onload>
    <onload condition="!String.IsEmpty(Skin.String(home.headertext))">SetProperty(Header.Label,$INFO[Skin.String(home.headertext)])</onload>
    <onunload>SetProperty(Header.Label,$INFO[Container(9000).ListItem.Label],home)</onunload>
    <onunload>SetProperty(Header.Icon,$INFO[Container(9000).ListItem.Icon],home)</onunload>
    <onunload condition="!String.IsEmpty(Container(9000).ListItem.Property(TileColor))">SetProperty(HighlightColor,$INFO[Container(9000).ListItem.Property(TileColor)],home)</onunload>

    <onload condition="!Integer.IsEqual(Window(Home).Property(WidgetRefresh),1)">SetProperty(WidgetRefresh,1,Home)</onload>
    <onload condition="Integer.IsEqual(Window(Home).Property(WidgetRefresh),1)">SetProperty(WidgetRefresh,2,Home)</onload>
    <onload>SetProperty(SkinHelper.WidgetContainer,9001)</onload>
    <onunload>ClearProperty(SkinHelper.WidgetContainer)</onunload>

    <controls>

        <include>Furniture_Background</include>
        <include>Home_Widget_Control</include>
        <include>Furniture_TopBar</include>

        <control type="list" id="9988">
            <description>hidden container for playlist background</description>
            <posx>-20</posx>
            <posy>-20</posy>
            <width>1</width>
            <height>1</height>
            <visible>true</visible>
            <onup>50</onup>
            <ondown>50</ondown>
            <onleft>50</onleft>
            <onright>50</onright>
            <autoscroll time="10000">true</autoscroll>
            <itemlayout width="1" height="1">
            </itemlayout>
            <focusedlayout height="1" width="1">
            </focusedlayout>
            <content>$INFO[Container(9000).ListItem.Property(backgroundPlaylist)]</content>
        </control>

        <include condition="Skin.HasSetting(home.hidewidgetbox)">Home_Widget_Hidden</include>

        <control type="group">
            <include condition="String.IsEqual(Skin.String(home.style),$LOCALIZE[31182])">Home_TextOnly_Animate</include>
            <include condition="!String.IsEqual(Skin.String(home.style),$LOCALIZE[31182])">Home_Icons_Animate</include>

            <include condition="!Skin.HasSetting(home.hidewidgetbox)">Home_Widget</include>

            <control type="group">
                <animation effect="slide" tween="quadratic" easing="out" time="150" start="0,266" end="0">WindowOpen</animation>
                <animation effect="slide" tween="quadratic" easing="in" time="150" end="0,266" start="0">WindowClose</animation>
                <include>Home_Menu</include>
                <include>Home_SubMenu</include>
                <include>Home_NowPlaying</include>
            </control>
        </control>

        <control type="group">
            <visible>Window.IsVisible(script-script.extendedinfo-DialogVideoInfo.xml) | Window.IsVisible(script-script.extendedinfo-DialogInfo.xml) | Window.IsVisible(DialogVideoInfo.xml) | Window.IsVisible(DialogMusicInfo.xml)</visible>
            <include>Animation_FadeIn</include>
            <include>Animation_FadeOut_Delay</include>
            <include>Furniture_Background</include>
            <control type="image" description="Fanart Fade">
                <width>100%</width>
                <height>100%</height>
                <texture colordiffuse="FanartFade">common/white.png</texture>
            </control>
            <include>Furniture_TopBar</include>
        </control>




    </controls>

</window>