<?xml version="1.0" encoding="UTF-8"?>
<includes>
    <include name="Dialog_Select">
        <control type="group">
            
            <animation effect="slide" start="0" end="298" time="0" condition="Control.IsVisible(3)">Conditional</animation>
            <include>Animation_SlideIn</include>
            <include>Animation_FadeOut</include>
            <centerleft>50%</centerleft>
            <width>1792</width>
            <bottom>100</bottom>
            <height>676</height>
            <control type="group">
                <visible>Control.IsVisible(6)</visible>
                <include>Dialog_Background</include>
            </control>
            <control type="group">
                <left>0</left>
                <right>596</right>
                <visible>Control.IsVisible(3)</visible>
                <include>Dialog_Background</include>
            </control>
            <include content="Dialog_Top_IconHeader">
                <param name="label" value="$INFO[Control.GetLabel(1)]" />
                <param name="icon" value="special://skin/extras/icons/filebox.png" />
            </include>
            <control type="group">
                <left>bigpad</left>
                <bottom>bigpad</bottom>
                <width>576</width>
                <height>576</height>
                <include>Object_FlatBackground</include>
                <visible>Control.IsVisible(6)</visible>

                <control type="image">
                    <aspectratio>keep</aspectratio>
                    <texture background="true" fallback="DefaultAddon.png">$INFO[Container(6).ListItem.Icon]</texture>
                </control>
            </control>
            <control type="group">
                <left>616</left>
                <bottom>bigpad</bottom>
                <width>1156</width>
                <height>576</height>
                <include>Object_FlatBackground</include>
                <visible>Control.IsVisible(6)</visible>
            </control>
            <include content="Dialog_FavouriteList">
                <param name="id" value="3" />
                <param name="onup" value="3" />
                <param name="ondown" value="3" />
                <param name="moveid" value="5" />
                <param name="left" value="bigpad" />
                <param name="top" value="80" />
                <param name="width" value="1156" />
                <param name="bottom" value="bigpad" />
            </include>
            <include content="Dialog_ImageList">
                <param name="id" value="6" />
                <param name="onup" value="6" />
                <param name="ondown" value="6" />
                <param name="moveid" value="5" />
                <param name="left" value="616" />
                <param name="width" value="1180" />
            </include>
            <!-- Button grouplist -->
            <control type="grouplist" id="8000">
                <animation effect="slide" start="0" end="-586" time="0" condition="Control.IsVisible(3)">Conditional</animation>
                <right>bigpad</right>
                <top>pad</top>
                <align>right</align>
                <height>60</height>
                <onleft condition="Control.IsVisible(6)">6</onleft>
                <onright condition="Control.IsVisible(6)">6</onright>
                <onup condition="Control.IsVisible(6)">6</onup>
                <ondown condition="Control.IsVisible(6)">6</ondown>
                <onleft condition="Control.IsVisible(3)">3</onleft>
                <onright condition="Control.IsVisible(3)">3</onright>
                <onup condition="Control.IsVisible(3)">3</onup>
                <ondown condition="Control.IsVisible(3)">3</ondown>
                <orientation>horizontal</orientation>
                <itemgap>pad</itemgap>
                <control type="button" id="5">
                    <width>auto</width>
                    <height>100%</height>
                    <align>right</align>
                    <label>186</label>
                    <texturenofocus />
                    <texturefocus />
                    <focusedcolor>$VAR[HighlightColor]</focusedcolor>
                    <include>Defs_OptionButton</include>
                </control>
                <control type="button" id="7">
                    <width>auto</width>
                    <height>100%</height>
                    <align>right</align>
                    <texturenofocus />
                    <texturefocus />
                    <focusedcolor>$VAR[HighlightColor]</focusedcolor>
                    <include>Defs_OptionButton</include>
                </control>

            </control>
        </control>
    </include>

    <include name="Dialog_Select_Game">
        <control type="group">
            <visible>Window.IsActive(gamestretchmode) | Window.IsActive(gamevideofilter) | Window.IsActive(gamevideorotation)</visible>
            <bottom>0</bottom>
            <height>520</height>
            <include>Animation_SlideIn</include>
            <control type="image">
                <texture colordiffuse="c5000000">common/white.png</texture>
                <height>620</height>
            </control>
            <control type="group">
                <control type="textbox" id="12">
                    <centerleft>50%</centerleft>
                    <top>40</top>
                    <width>1080</width>
                    <height>70</height>
                    <align>center</align>
                    <aligny>center</aligny>
                </control>
                <control type="fixedlist" id="11">
                    <orientation>horizontal</orientation>
                    <focusposition>1</focusposition>
                    <movement>1</movement>
                    <preloaditems>2</preloaditems>
                    <bottom>40</bottom>
                    <height>370</height>
                    <ondown>9000</ondown>
                    <onup>9000</onup>
                    <itemlayout width="502" height="330">
                        <control type="group">
                            <top>20</top>
                            <left>213</left>
                            <right>-213</right>
                            <bottom>-20</bottom>
                            <control type="gamewindow">
                                <height>260</height>
                                <left>20</left>
                                <right>20</right>
                                <top>20</top>  
                                <videofilter>$INFO[ListItem.Property(game.videofilter)]</videofilter>
                                <stretchmode>$INFO[ListItem.Property(game.stretchmode)]</stretchmode>
                                <rotation>$INFO[ListItem.Property(game.videorotation)]</rotation>
                            </control>
                            <control type="label">
                                <textcolor>ffddddddd</textcolor>
                                <label>$INFO[ListItem.Label]</label>
                                <top>300</top>
                                <height>30</height>
                                <left>20</left>
                                <right>20</right>
                            </control>
                            <control type="label">
                                <textcolor>ffddddddd</textcolor>
                                <label>$INFO[ListItem.Label2]</label>
                                <top>300</top>
                                <height>30</height>
                                <left>20</left>
                                <right>20</right>
                                <align>right</align>
                            </control>
                        </control>
                    </itemlayout>
                    <focusedlayout width="502" height="330">
                        <control type="group">
                            <top>20</top>
                            <left>213</left>
                            <right>-213</right>
                            <bottom>-20</bottom>
                            <control type="gamewindow">
                                <height>260</height>
                                <left>20</left>
                                <right>20</right>
                                <top>20</top>  
                                <videofilter>$INFO[ListItem.Property(game.videofilter)]</videofilter>
                                <stretchmode>$INFO[ListItem.Property(game.stretchmode)]</stretchmode>
                                <rotation>$INFO[ListItem.Property(game.videorotation)]</rotation>
                            </control>
                            <control type="image">
                                <left>10</left>
                                <right>10</right>
                                <top>10</top>
                                <height>280</height>
                                <visible>Control.HasFocus(11)</visible>
                                <texture colordiffuse="$VAR[HighlightColor]" border="10">common/border.png</texture>
                            </control>
                            <control type="label">
                                <textcolor>ffededed</textcolor>
                                <label>$INFO[ListItem.Label]</label>
                                <top>300</top>
                                <height>30</height>
                                <left>20</left>
                                <right>20</right>
                            </control>
                            <control type="label">
                                <textcolor>ffededed</textcolor>
                                <label>$INFO[ListItem.Label2]</label>
                                <top>300</top>
                                <height>30</height>
                                <left>20</left>
                                <right>20</right>
                                <align>right</align>
                            </control>
                        </control>
                    </focusedlayout>
                </control>
            </control>
        </control>
    </include>

    <include name="Dialog_Center_Def">
        <include>Animation_SlideIn</include>
        <include>Animation_FadeOut</include>
        <centerleft>50%</centerleft>
        <top>230</top>
        <height>756</height>
        <width>500</width>
    </include>
    <include name="Dialog_Center_1">
        <control type="group">
            <height>182</height>
            <visible>Integer.IsEqual(Container($PARAM[id]).NumItems,1)</visible>
            <include>Dialog_Center_Def</include>
            <include>Dialog_Background</include>
        </control>
    </include>
    <include name="Dialog_Center_2">
        <control type="group">
            <height>264</height>
            <visible>Integer.IsEqual(Container($PARAM[id]).NumItems,2)</visible>
            <include>Dialog_Center_Def</include>
            <include>Dialog_Background</include>
        </control>
    </include>
    <include name="Dialog_Center_3">
        <control type="group">
            <height>346</height>
            <visible>Integer.IsEqual(Container($PARAM[id]).NumItems,3)</visible>
            <include>Dialog_Center_Def</include>
            <include>Dialog_Background</include>
        </control>
    </include>
    <include name="Dialog_Center_4">
        <control type="group">
            <height>428</height>
            <visible>Integer.IsEqual(Container($PARAM[id]).NumItems,4)</visible>
            <include>Dialog_Center_Def</include>
            <include>Dialog_Background</include>
        </control>
    </include>
    <include name="Dialog_Center_5">
        <control type="group">
            <height>510</height>
            <visible>Integer.IsEqual(Container($PARAM[id]).NumItems,5)</visible>
            <include>Dialog_Center_Def</include>
            <include>Dialog_Background</include>
        </control>
    </include>
    <include name="Dialog_Center_6">
        <control type="group">
            <height>592</height>
            <visible>Integer.IsEqual(Container($PARAM[id]).NumItems,6)</visible>
            <include>Dialog_Center_Def</include>
            <include>Dialog_Background</include>
        </control>
    </include>
    <include name="Dialog_Center_7">
        <control type="group">
            <height>674</height>
            <visible>Integer.IsEqual(Container($PARAM[id]).NumItems,7)</visible>
            <include>Dialog_Center_Def</include>
            <include>Dialog_Background</include>
        </control>
    </include>
    <include name="Dialog_Center_8">
        <control type="group">
            <height>756</height>
            <visible>Integer.IsGreater(Container($PARAM[id]).NumItems,7)</visible>
            <include>Dialog_Center_Def</include>
            <include>Dialog_Background</include>
        </control>
    </include>
    <include name="Dialog_Center">
        <param name="id" default="9000" />
        <definition>
            <include content="Dialog_Center_1">
                <param name="id" value="$PARAM[id]" />
            </include>
            <include content="Dialog_Center_2">
                <param name="id" value="$PARAM[id]" />
            </include>
            <include content="Dialog_Center_3">
                <param name="id" value="$PARAM[id]" />
            </include>
            <include content="Dialog_Center_4">
                <param name="id" value="$PARAM[id]" />
            </include>
            <include content="Dialog_Center_5">
                <param name="id" value="$PARAM[id]" />
            </include>
            <include content="Dialog_Center_6">
                <param name="id" value="$PARAM[id]" />
            </include>
            <include content="Dialog_Center_7">
                <param name="id" value="$PARAM[id]" />
            </include>
            <include content="Dialog_Center_8">
                <param name="id" value="$PARAM[id]" />
            </include>
        </definition>
    </include>
    <include name="Dialog_Center_GroupList">
        <left>30</left>
        <right>30</right>
        <top>80</top>
        <bottom>30</bottom>
        <onleft>50</onleft>
        <onright>50</onright>
        <onback>50</onback>
        <onup>9000</onup>
        <ondown>9000</ondown>
        <itemgap>10</itemgap>
        <scrolltime>200</scrolltime>
        <orientation>vertical</orientation>
    </include>
    <include name="Dialog_Center_Arrows">
        <control type="group">
            <control type="image">
                <centerleft>50%</centerleft>
                <top>-20</top>
                <width>16</width>
                <height>16</height>
                <texture colordiffuse="ListLabel" flipy="true">common/16-arrow-down.png</texture>
                <visible>Container($PARAM[id]).HasPrevious</visible>
            </control>
            <control type="image">
                <centerleft>50%</centerleft>
                <bottom>-20</bottom>
                <width>16</width>
                <height>16</height>
                <texture colordiffuse="ListLabel">common/16-arrow-down.png</texture>
                <visible>Container($PARAM[id]).HasNext</visible>
            </control>
        </control>
    </include>
    <include name="Dialog_Center_Background">
        <top>-24</top>
        <bottom>-24</bottom>
        <left>-24</left>
        <right>-24</right>
        <bordertexture border="24">common/24-shadow.png</bordertexture>
        <bordersize>24</bordersize>
        <texture colordiffuse="DialogBG">common/white.png</texture>
    </include>
    <include name="Dialog_Center_PowerMenu">
        <left>30</left>
        <right>30</right>
        <onleft>Close</onleft>
        <onright>Close</onright>
        <top>80</top>
        <bottom>20</bottom>
        <onup>9000</onup>
        <ondown>9000</ondown>
        <scrolltime>200</scrolltime>
        <orientation>vertical</orientation>
        <itemlayout width="440" height="82">
            <control type="image">
                <left>0</left>
                <right>0</right>
                <bottom>pad</bottom>
                <texture colordiffuse="PosterBorder">common/white.png</texture>
            </control>
            <control type="label">
                <left>bigpad</left>
                <right>bigpad</right>
                <bottom>pad</bottom>
                <font>Font-ListInfo-Small</font>
                <aligny>center</aligny>
                <textcolor>ListLabel</textcolor>
                <label>$INFO[ListItem.Label]</label>
            </control>
        </itemlayout>
        <focusedlayout width="440" height="82">
            <control type="image">
                <left>0</left>
                <right>0</right>
                <bottom>pad</bottom>
                <texture colordiffuse="$VAR[HighlightColor]">common/tile_sub_focus.png</texture>
            </control>
            <control type="label">
                <left>bigpad</left>
                <right>bigpad</right>
                <bottom>pad</bottom>
                <font>Font-ListInfo-Small</font>
                <aligny>center</aligny>
                <textcolor>Selected</textcolor>
                <label>$INFO[ListItem.Label]</label>
            </control>
        </focusedlayout>
    </include>

    <include name="Dialog_Top">
        <animation effect="slide" tween="quadratic" easing="out" time="200" start="0,-400" end="0">Visible</animation>
        <animation effect="slide" tween="quadratic" easing="in" time="200" end="0,-400" start="0">Hidden</animation>
        <animation effect="slide" tween="quadratic" easing="out" time="200" start="0,-400" end="0">WindowOpen</animation>
        <animation effect="slide" tween="quadratic" easing="in" time="200" end="0,-500" start="0">WindowClose</animation>
        <left>0</left>
        <right>0</right>
        <top>0</top>
        <height>toppanel</height>
    </include>


 
    <include name="Dialog_Background">
        <control type="image">
            <top>-24</top>
            <bottom>-24</bottom>
            <left>-24</left>
            <right>-24</right>
            <bordertexture border="24">common/24-shadow.png</bordertexture>
            <bordersize>24</bordersize>
            <texture colordiffuse="DialogBG">common/white.png</texture>
        </control>
    </include>

    <include name="Dialog_Top_IconHeader">
        <control type="image">
            <top>0</top>
            <left>10</left>
            <width>80</width>
            <height>80</height>
            <texture colordiffuse="ListLabel">$PARAM[icon]</texture>
        </control>
        <control type="label">
            <left>90</left>
            <right>bigpad</right>
            <top>10</top>
            <height>60</height>
            <aligny>center</aligny>
            <align>left</align>
            <label>$PARAM[label]</label>
        </control>
    </include>

    <include name="Dialog_Top_GroupList">
        <left>30</left>
        <right>30</right>
        <top>80</top>
        <bottom>30</bottom>
        <onup>50</onup>
        <ondown>50</ondown>
        <onleft>noop</onleft>
        <onright>noop</onright>
        <itemgap>10</itemgap>
        <scrolltime>200</scrolltime>
        <orientation>horizontal</orientation>
    </include>
    <include name="Dialog_Top_PowerMenu">
        <left>30</left>
        <right>20</right>
        <onup>Close</onup>
        <ondown>Close</ondown>
        <top>80</top>
        <bottom>30</bottom>
        <onleft>SetFocus(9000)</onleft>
        <onright>SetFocus(9000)</onright>
        <scrolltime>200</scrolltime>
        <orientation>horizontal</orientation>
        <itemlayout width="374" height="72">
            <control type="image">
                <left>0</left>
                <right>pad</right>
                <height>100%</height>
                <texture colordiffuse="PosterBorder">common/white.png</texture>
            </control>
            <control type="label">
                <left>bigpad</left>
                <right>30</right>
                <height>100%</height>
                <font>Font-ListInfo-Small</font>
                <aligny>center</aligny>
                <textcolor>ListLabel</textcolor>
                <label>$INFO[ListItem.Label]</label>
            </control>
        </itemlayout>
        <focusedlayout width="374" height="72">
            <control type="image">
                <left>0</left>
                <right>pad</right>
                <height>100%</height>
                <texture colordiffuse="$VAR[HighlightColor]">common/white.png</texture>
            </control>
            <control type="label">
                <left>bigpad</left>
                <right>30</right>
                <height>100%</height>
                <font>Font-ListInfo-Small</font>
                <aligny>center</aligny>
                <textcolor>Selected</textcolor>
                <label>$INFO[ListItem.Label]</label>
            </control>
        </focusedlayout>
    </include>

    <include name="Dialog_Top_Arrows">
        <control type="group">
            <control type="image">
                <centertop>117</centertop>
                <left>5</left>
                <width>16</width>
                <height>16</height>
                <texture colordiffuse="ListLabel">common/16-arrow-left.png</texture>
                <visible>Container($PARAM[id]).HasPrevious</visible>
            </control>
            <control type="image">
                <centertop>117</centertop>
                <right>5</right>
                <width>16</width>
                <height>16</height>
                <texture colordiffuse="ListLabel" flipx="true">common/16-arrow-left.png</texture>
                <visible>Container($PARAM[id]).HasNext</visible>
            </control>
        </control>
    </include>

    <!-- Bottom Dialogs -->
    <include name="Dialog_Bottom">
        <left>400</left>
        <right>400</right>
        <centertop>50%</centertop>
        <height>400</height>
        <include>Dialog_Background</include>
        <include>Animation_SlideIn_Bounce</include>
        <include>Animation_FadeOut</include>

        <!-- Heading -->
        <!-- <control type="label" id="1">
            <left>64</left>
            <right>64</right>
            <top>40</top>
            <height>60</height>
            <aligny>center</aligny>
            <align>left</align>
        </control> -->

        <include content="Dialog_Top_IconHeader">
            <param name="label" value="$INFO[Control.GetLabel(1)]" />
            <param name="icon" value="special://skin/extras/icons/kodi.png" />
        </include>
        <control type="label" id="1"><visible>false</visible><font /></control>

        <!-- Details -->
        <control type="textbox" id="9">
            <left>90</left>
            <right>90</right>
            <top>90</top>
            <bottom>186</bottom>
            <align>left</align>
            <font>Font-ListInfo-Small</font>
        </control>
    </include>
    <include name="Dialog_Bottom_Grouplist">
        <align>center</align>
        <bottom>40</bottom>
        <height>72</height>
        <orientation>horizontal</orientation>
        <itemgap>bigpad</itemgap>

    </include>
    <include name="Dialog_Bottom_Yes">
        <control type="button" id="11">
            <align>center</align>
            <width>300</width>
            <label>186</label>
            <include>Defs_OptionButton2</include>
            <onleft>10</onleft>
            <onright>noop</onright>
        </control>
    </include>
    <include name="Dialog_Bottom_No">
        <control type="button" id="10">
            <align>center</align>
            <width>300</width>
            <label>222</label>
            <include>Defs_OptionButton2</include>
            <onleft>noop</onleft>
            <onright>11</onright>
        </control>
    </include>
    <!-- Progress -->
    <include name="Dialog_Progress">
        <include>GlobalOverlay</include>
        <control type="group">
            <include>Dialog_Bottom</include>
            <control type="progress" id="20">
                <bottom>152</bottom>
                <left>90</left>
                <right>90</right>
                <height>16</height>
                <info>System.Progressbar</info>
            </control>
            <control type="grouplist">
                <include>Dialog_Bottom_Grouplist</include>
                <include>Dialog_Bottom_Yes</include>
                <include>Dialog_Bottom_No</include>
            </control>
        </control>
    </include>
    <!-- Basic List -->
    <include name="Dialog_BasicList_Content">
        <content>$PARAM[content]</content>
    </include>
    <include name="Dialog_BasicList">
        <param name="backpanel" default="true" />
        <param name="type" default="panel" /> 
        <param name="imagelist" default="false" />
        <param name="contentvisible" default="false" />
        <definition>
            <control type="group">
                <width>$PARAM[width]</width>
                <height>$PARAM[height]</height>
                <visible>$PARAM[backpanel]</visible>
                <include>Object_FlatBackground</include>
            </control>
            <control type="$PARAM[type]" id="$PARAM[id]">
                <top>0</top>
                <left>0</left>
                <width>$PARAM[width]</width>
                <height>$PARAM[height]</height>
                <onleft>$PARAM[onleft]</onleft>
                <onright>$PARAM[onright]</onright>
                <onright>$PARAM[onright2]</onright>
                <ondown>$PARAM[ondown]</ondown>
                <onup>$PARAM[onup]</onup>
                <onback>$PARAM[onback]</onback>
                <onback>$PARAM[onback2]</onback>
                <orientation>vertical</orientation>
                <scrolltime tween="quadratic">400</scrolltime>
                <itemlayout height="72" width="$PARAM[width]" condition="!$PARAM[imagelist]">
                    <control type="label">
                        <left>30</left>
                        <right>30</right>
                        <top>0</top>
                        <height>100%</height>
                        <label>$INFO[ListItem.Label]</label>
                    </control>
                    <control type="label">
                        <left>30</left>
                        <right>30</right>
                        <top>0</top>
                        <height>100%</height>
                        <align>right</align>
                        <font>Font-ListInfo</font>
                        <label>$INFO[ListItem.Label2]</label>
                    </control>
                </itemlayout>

                <focusedlayout height="72" width="$PARAM[width]" condition="!$PARAM[imagelist]">
                    <control type="image">
                        <width>100%</width>
                        <height>100%</height>
                        <texture colordiffuse="$VAR[HighlightColor]">common/white.png</texture>
                    </control>
                    <control type="label">
                        <left>30</left>
                        <right>30</right>
                        <top>0</top>
                        <height>100%</height>
                        <label>$INFO[ListItem.Label]</label>
                        <textcolor>Selected</textcolor>
                    </control>
                    <control type="label">
                        <left>30</left>
                        <right>30</right>
                        <top>0</top>
                        <height>100%</height>
                        <align>right</align>
                        <font>Font-ListInfo</font>
                        <label>$INFO[ListItem.Label2]</label>
                        <textcolor>Selected</textcolor>
                    </control>
                </focusedlayout>

                <!-- Image List Style -->
                <itemlayout height="144" width="$PARAM[width]" condition="$PARAM[imagelist]">
                    <control type="image">
                        <left>pad</left>
                        <top>pad</top>
                        <bottom>pad</bottom>
                        <width>118</width>
                        <aspectratio>keep</aspectratio>
                        <texture>$INFO[ListItem.Icon]</texture>
                    </control>
                    <control type="group">
                        <visible>!String.IsEmpty(ListItem.Label2)</visible>
                        <control type="label">
                            <left>148</left>
                            <right>30</right>
                            <top>0</top>
                            <height>66%</height>
                            <label>$INFO[ListItem.Label]</label>
                        </control>
                        <control type="label">
                            <left>148</left>
                            <right>30</right>
                            <bottom>0</bottom>
                            <height>66%</height>
                            <align>left</align>
                            <font>Font-ListInfo</font>
                            <label>$INFO[ListItem.Label2]</label>
                        </control>
                    </control>
                    <control type="label">
                        <left>148</left>
                        <right>30</right>
                        <top>0</top>
                        <height>100%</height>
                        <label>$INFO[ListItem.Label]</label>
                        <visible>String.IsEmpty(ListItem.Label2)</visible>
                    </control>
                </itemlayout>

                <focusedlayout height="144" width="$PARAM[width]" condition="$PARAM[imagelist]">
                    <control type="image">
                        <width>100%</width>
                        <height>100%</height>
                        <texture colordiffuse="$VAR[HighlightColor]">common/white.png</texture>
                    </control>
                    <control type="image">
                        <left>pad</left>
                        <top>pad</top>
                        <bottom>pad</bottom>
                        <width>118</width>
                        <aspectratio>keep</aspectratio>
                        <texture>$INFO[ListItem.Icon]</texture>
                    </control>
                    <control type="group">
                        <visible>!String.IsEmpty(ListItem.Label2)</visible>
                        <control type="label">
                            <left>148</left>
                            <right>30</right>
                            <top>0</top>
                            <height>66%</height>
                            <label>$INFO[ListItem.Label]</label>
                            <textcolor>Selected</textcolor>
                        </control>
                        <control type="label">
                            <left>148</left>
                            <right>30</right>
                            <bottom>0</bottom>
                            <height>66%</height>
                            <align>left</align>
                            <font>Font-ListInfo</font>
                            <label>$INFO[ListItem.Label2]</label>
                            <textcolor>Selected</textcolor>
                        </control>
                    </control>
                    <control type="label">
                        <left>148</left>
                        <right>30</right>
                        <top>0</top>
                        <height>100%</height>
                        <label>$INFO[ListItem.Label]</label>
                        <visible>String.IsEmpty(ListItem.Label2)</visible>
                        <textcolor>Selected</textcolor>
                    </control>
                </focusedlayout>
                <include condition="$PARAM[contentvisible]" content="Dialog_BasicList_Content">
                    <param name="content" value="$PARAM[content]" />
                </include>
            </control>
        </definition>
    </include>
    <include name="Dialog_FavouriteList">
        <param name="left" default="444" />
        <param name="width" default="favitemw" />
        <param name="top" default="80" />
        <param name="label2" default="false" />
        <definition>
            <control type="group">
                <left>$PARAM[left]</left>
                <top>$PARAM[top]</top>
                <bottom>bigpad</bottom>
                <width>$PARAM[width]</width>
                <include>Object_FlatBackground</include>
                <visible>Control.IsVisible($PARAM[id])</visible>
            </control>
            <control type="panel" id="$PARAM[id]">
                <onup>$PARAM[id]</onup>
                <ondown>$PARAM[id]</ondown>
                <right>bigpad</right>
                <left>$PARAM[left]</left>
                <top>$PARAM[top]</top>
                <bottom>bigpad</bottom>
                <onleft>$PARAM[moveid]</onleft>
                <onright>$PARAM[moveid]</onright>
                <scrolltime>200</scrolltime>
                <orientation>vertical</orientation>
                <itemlayout width="$PARAM[width]" height="72">
                    <control type="label">
                        <left>bigpad</left>
                        <right>bigpad</right>
                        <height>72</height>
                        <textcolor>ListLabel</textcolor>
                        <font>Font-ListInfo-Small-Bold</font>
                        <aligny>center</aligny>
                        <label>$INFO[ListItem.Label]</label>
                    </control>
                    <control type="label">
                        <left>bigpad</left>
                        <right>bigpad</right>
                        <height>72</height>
                        <align>right</align>
                        <textcolor>ListLabel</textcolor>
                        <font>Font-ListInfo-Small</font>
                        <aligny>center</aligny>
                        <label>$INFO[ListItem.Label2]</label>
                        <visible>$PARAM[label2]</visible>
                    </control>
                </itemlayout>
                <focusedlayout width="$PARAM[width]" height="72">
                    <control type="image">
                        <width>100%</width>
                        <height>72</height>
                        <texture colordiffuse="$VAR[HighlightColor]">common/tile_list_focus.png</texture>
                    </control>
                    <control type="label">
                        <left>bigpad</left>
                        <right>bigpad</right>
                        <height>72</height>
                        <textcolor>Selected</textcolor>
                        <font>Font-ListInfo-Small-Bold</font>
                        <aligny>center</aligny>
                        <label>$INFO[ListItem.Label]</label>
                    </control>
                    <control type="label">
                        <left>bigpad</left>
                        <right>bigpad</right>
                        <height>72</height>
                        <align>right</align>
                        <textcolor>Selected</textcolor>
                        <font>Font-ListInfo-Small</font>
                        <aligny>center</aligny>
                        <label>$INFO[ListItem.Label2]</label>
                        <visible>$PARAM[label2]</visible>
                    </control>
                </focusedlayout>
            </control>
        </definition>
    </include>
    <include name="Dialog_ImageList">
        <param name="left" default="444" />
        <param name="width" default="favitemw" />
        <param name="top" default="80" />
        <param name="pad" default="0" />
        <param name="bottom" default="bigpad" />
        <param name="right" default="bigpad" />
        <param name="visible" default="true" />
        <param name="backpanel" default="true" />
        <param name="type" default="panel" />
        <param name="noimage" default="false" />
        <definition>
            <control type="$PARAM[type]" id="$PARAM[id]">
                <onup>$PARAM[onup]</onup>
                <ondown>$PARAM[ondown]</ondown>
                <right>$PARAM[right]</right>
                <left>$PARAM[left]</left>
                <top>$PARAM[top]</top>
                <bottom>$PARAM[bottom]</bottom>
                <onleft>$PARAM[moveid]</onleft>
                <onright>$PARAM[moveid]</onright>
                <onleft>$PARAM[moveid2]</onleft>
                <onright>$PARAM[moveid2]</onright>
                <scrolltime>200</scrolltime>
                <orientation>vertical</orientation>
                <visible allowhiddenfocus="true">$PARAM[visible]</visible>
                <preloaditems>2</preloaditems>
                <itemlayout width="$PARAM[width]" height="72" condition="$PARAM[noimage]">
                    <control type="group">
                        <control type="label">
                            <left>30</left>
                            <right>30</right>
                            <bottom>pad</bottom>
                            <top>0</top>
                            <align>center</align>
                            <textcolor>ListLabel</textcolor>
                            <font>Font-ListInfo-Bold</font>
                            <aligny>center</aligny>
                            <label>$INFO[ListItem.Label]</label>
                        </control>
                    </control>
                </itemlayout>
                <itemlayout width="$PARAM[width]" height="144" condition="!$PARAM[noimage] + ![[String.StartsWith(ListItem.FolderPath,special://skin/extras/icons/) + !String.IsEqual(ListItem.Label,icons)]  | [String.StartsWith(Container($PARAM[id]).ListItem(1).FolderPath,special://skin/extras/icons/) + String.IsEqual(ListItem.Label,..)]]">
                    <control type="group">
                        <left>$PARAM[pad]</left>
                        <control type="image">
                            <top>pad</top>
                            <left>pad</left>
                            <width>118</width>
                            <height>118</height>
                            <aspectratio>keep</aspectratio>
                            <texture background="true">$INFO[ListItem.Icon]</texture>
                        </control>
                        <control type="label">
                            <left>148</left>
                            <right>30</right>
                            <height>100%</height>
                            <textcolor>ListLabel</textcolor>
                            <font>Font-ListInfo-Bold</font>
                            <aligny>center</aligny>
                            <label>$INFO[ListItem.Label]</label>
                            <visible>String.IsEmpty(ListItem.Label2)</visible>
                            <visible>String.IsEmpty(ListItem.Property(character))</visible>
                            <visible>String.IsEmpty(ListItem.Property(job))</visible>
                        </control>
                        <control type="group">
                            <visible>!String.IsEmpty(ListItem.Label2) | !String.IsEmpty(ListItem.Property(character)) | !String.IsEmpty(ListItem.Property(job))</visible>
                            <left>148</left>
                            <right>30</right>
                            <control type="label">
                                <width>100%</width>
                                <height>20</height>
                                <centertop>33%</centertop>
                                <textcolor>ListLabel</textcolor>
                                <font>Font-ListInfo-Bold</font>
                                <aligny>center</aligny>
                                <label>$INFO[ListItem.Label]</label>
                            </control>
                            <control type="label">
                                <width>100%</width>
                                <height>20</height>
                                <centertop>66%</centertop>
                                <textcolor>ListLabel</textcolor>
                                <font>Font-ListInfo-Small</font>
                                <aligny>center</aligny>
                                <label>$VAR[Label_ImageList,[CAPITALIZE],[/CAPITALIZE]]</label>
                            </control>
                        </control>
                    </control>
                </itemlayout>
                <itemlayout width="139.75" height="144" condition="!$PARAM[noimage] + [[String.StartsWith(ListItem.FolderPath,special://skin/extras/icons/) + !String.IsEqual(ListItem.Label,icons)]  | [String.StartsWith(Container($PARAM[id]).ListItem(1).FolderPath,special://skin/extras/icons/) + String.IsEqual(ListItem.Label,..)]]">

                    <control type="image">
                        <centerleft>50%</centerleft>
                        <centertop>50%</centertop>
                        <width>118</width>
                        <height>118</height>
                        <aspectratio>keep</aspectratio>
                        <texture background="true">$INFO[ListItem.Icon]</texture>
                    </control>
                </itemlayout>
                <focusedlayout width="$PARAM[width]" height="72" condition="$PARAM[noimage]">
                    <control type="image">
                        <left>5</left>
                        <right>5</right>
                        <bottom>pad</bottom>
                        <top>0</top>
                        <texture colordiffuse="$VAR[HighlightColor]">common/white.png</texture>
                    </control>
                    <control type="group">
                        <control type="label">
                            <left>30</left>
                            <right>30</right>
                            <bottom>pad</bottom>
                            <top>0</top>
                            <align>center</align>
                            <textcolor>Selected</textcolor>
                            <font>Font-ListInfo-Bold</font>
                            <aligny>center</aligny>
                            <label>$INFO[ListItem.Label]</label>
                        </control>
                    </control>
                </focusedlayout>
                <focusedlayout width="$PARAM[width]" height="144" condition="!$PARAM[noimage] + ![[String.StartsWith(ListItem.FolderPath,special://skin/extras/icons/) + !String.IsEqual(ListItem.Label,icons)] | [String.StartsWith(Container($PARAM[id]).ListItem(1).FolderPath,special://skin/extras/icons/) + String.IsEqual(ListItem.Label,..)]]">
                    <control type="image">
                        <width>100%</width>
                        <height>100%</height>
                        <texture colordiffuse="$VAR[HighlightColor]">common/white.png</texture>
                    </control>
                    <control type="group">
                        <left>$PARAM[pad]</left>
                        <control type="image">
                            <top>pad</top>
                            <left>pad</left>
                            <width>118</width>
                            <height>118</height>
                            <aspectratio>keep</aspectratio>
                            <texture background="true">$INFO[ListItem.Icon]</texture>
                        </control>
                        <control type="label">
                            <left>148</left>
                            <right>30</right>
                            <height>100%</height>
                            <textcolor>Selected</textcolor>
                            <font>Font-ListInfo-Bold</font>
                            <aligny>center</aligny>
                            <label>$INFO[ListItem.Label]</label>
                            <visible>String.IsEmpty(ListItem.Label2)</visible>
                            <visible>String.IsEmpty(ListItem.Property(character))</visible>
                            <visible>String.IsEmpty(ListItem.Property(job))</visible>
                        </control>
                        <control type="group">
                            <visible>!String.IsEmpty(ListItem.Label2) | !String.IsEmpty(ListItem.Property(character)) | !String.IsEmpty(ListItem.Property(job))</visible>
                            <left>148</left>
                            <right>30</right>
                            <control type="label">
                                <width>100%</width>
                                <centertop>33%</centertop>
                                <height>20</height>
                                <textcolor>Selected</textcolor>
                                <font>Font-ListInfo-Bold</font>
                                <aligny>center</aligny>
                                <label>$INFO[ListItem.Label]</label>
                            </control>
                            <control type="label">
                                <width>100%</width>
                                <height>20</height>
                                <centertop>66%</centertop>
                                <textcolor>Selected</textcolor>
                                <font>Font-ListInfo-Small</font>
                                <aligny>center</aligny>
                                <label>$VAR[Label_ImageList,[CAPITALIZE],[/CAPITALIZE]]</label>
                            </control>
                        </control>
                    </control>
                </focusedlayout>
                <focusedlayout width="139.75" height="144" condition="!$PARAM[noimage] + [[String.StartsWith(ListItem.FolderPath,special://skin/extras/icons/) + !String.IsEqual(ListItem.Label,icons)] | [String.StartsWith(Container($PARAM[id]).ListItem(1).FolderPath,special://skin/extras/icons/) + String.IsEqual(ListItem.Label,..)]]">
                    <control type="image">
                        <width>100%</width>
                        <height>100%</height>
                        <texture colordiffuse="$VAR[HighlightColor]">common/white.png</texture>
                    </control>
                    <control type="image">
                        <centerleft>50%</centerleft>
                        <centertop>50%</centertop>
                        <width>118</width>
                        <height>118</height>
                        <aspectratio>keep</aspectratio>
                        <texture background="true">$INFO[ListItem.Icon]</texture>
                    </control>
                </focusedlayout>
            </control>
        </definition>
    </include>
    <!-- List -->
    <include name="Dialog_FileManager_List">
        <param name="numitemsvisible" default="true" />
        <definition>
            <control type="group">
                <width>$PARAM[width]</width>
                <control type="grouplist">
                    <orientation>horizontal</orientation>
                    <top>-20</top>
                    <height>48</height>
                    <width>$PARAM[labelwidth]</width>
                    <usecontrolcoords>true</usecontrolcoords>
                    <control type="label" id="$PARAM[pathid]">
                        <left>0</left>
                        <height>100%</height>
                        <width max="$PARAM[labelwidth]">auto</width>
                        <haspath>true</haspath>
                        <font>Font-LineLabel</font>
                        <textcolor>LineLabel</textcolor>
                    </control>
                    <control type="image">
                        <top>21</top>
                        <width max="$PARAM[labelwidth]">auto</width>
                        <height>3</height>
                        <texture colordiffuse="PosterBorder">common/white.png</texture>
                    </control>
                </control>
                <control type="label">
                    <top>-20</top>
                    <height>48</height>
                    <width>100%</width>
                    <align>right</align>
                    <font>Font-LineLabel</font>
                    <textcolor>LineLabel</textcolor>
                    <label>$INFO[Container($PARAM[id]).NumItems] $LOCALIZE[31001]</label>
                    <visible>$PARAM[numitemsvisible]</visible>
                </control>
                <control type="list" id="$PARAM[id]">
                    <left>0</left>
                    <width>$PARAM[width]</width>
                    <top>26</top>
                    <onleft>$PARAM[onleft]</onleft>
                    <onright>$PARAM[onright]</onright>
                    <orientation>vertical</orientation>
                    <scrolltime tween="quadratic">400</scrolltime>
                    <itemlayout height="69" width="$PARAM[width]">
                        <control type="label">
                            <left>30</left>
                            <right>30</right>
                            <top>0</top>
                            <height>100%</height>
                            <label>$INFO[ListItem.Label]</label>
                        </control>
                        <control type="label">
                            <left>30</left>
                            <right>30</right>
                            <top>0</top>
                            <height>100%</height>
                            <align>right</align>
                            <font>Font-ListInfo</font>
                            <label>$INFO[ListItem.Label2]</label>
                        </control>
                    </itemlayout>

                    <focusedlayout height="69" width="$PARAM[width]">
                        <control type="image">
                            <width>100%</width>
                            <height>100%</height>
                            <texture colordiffuse="$VAR[HighlightColor]">common/white.png</texture>
                            <animation effect="fade" start="100" end="25" condition="!Control.HasFocus($PARAM[id])">Conditional</animation>
                        </control>
                        <control type="label">
                            <left>30</left>
                            <right>30</right>
                            <top>0</top>
                            <height>100%</height>
                            <label>$INFO[ListItem.Label]</label>
                            <textcolor>Selected</textcolor>
                        </control>
                        <control type="label">
                            <left>30</left>
                            <right>30</right>
                            <top>0</top>
                            <height>100%</height>
                            <align>right</align>
                            <font>Font-ListInfo</font>
                            <label>$INFO[ListItem.Label2]</label>
                            <textcolor>Selected</textcolor>
                        </control>
                    </focusedlayout>
                </control>
            </control>
        </definition>
    </include>
</includes>