<?xml version="1.0" encoding="UTF-8" standalone="yes"?>
<addon
    id="script.artwork.downloader"
    name="Artwork Downloader"
    version="18.0.0"
    provider-name="Martijn"
    >
  <requires>
    <import addon="xbmc.python"                 version="2.1.0"/>
  </requires>
  <extension point="xbmc.python.script"         library="default.py">
    <provides>executable</provides>
  </extension>
  <extension point="xbmc.addon.metadata">
    <summary lang="en_GB">Downloads Artwork for TV shows, Movies and Musicvideos in your library</summary>
    <description lang="en_GB">Downloads all available artwork for TV shows, Movies and Musicvideos in your library. Check the options for supported artwork[CR]Artwork sources:[CR]www.fanart.tv[CR]www.thetvdb.com[CR]www.themoviedb.org[CR]Remark:[CR]Check your skin to see what type of artwork is supported![CR]Each TV Show/Movie must have its own folder![CR]Skin integration:[CR]See readme file</description>
    <disclaimer lang="en_GB">For bugs, requests or general questions visit the Artwork Downloader thread on the XBMC forum.</disclaimer>
    <language></language>
    <platform>all</platform>
    <website></website>
    <source>https://github.com/XBMC-Addons/script.artwork.downloader</source>
    <forum>http://forum.xbmc.org/showthread.php?tid=114633</forum>
    <email></email>
    <broken>This add-on is no longer functional and has been replaced by Kodi core functionality</broken>
  </extension>
</addon>
