<?xml version='1.0' encoding='UTF-8'?>
<includes>
	<include name="skinshortcuts-mainmenu">
		<item id="1">
			<property name="id">$NUMBER[1]</property>
			<label>$LOCALIZE[1]</label>
			<label2 />
			<icon>special://skin/extras/icons/DefaultPicture.png</icon>
			<thumb />
			<visible>False</visible>
			<onclick>noop</onclick>
			<property name="hasSubmenu">True</property>
		</item>
		<item id="2">
			<property name="id">$NUMBER[2]</property>
			<label>$LOCALIZE[2]</label>
			<label2 />
			<icon>special://skin/extras/icons/DefaultAudio.png</icon>
			<thumb />
			<visible>False</visible>
			<onclick>noop</onclick>
			<property name="hasSubmenu">True</property>
		</item>
		<item id="3">
			<property name="id">$NUMBER[3]</property>
			<label>$LOCALIZE[20342]</label>
			<label2 />
			<icon>special://skin/extras/icons/DefaultMovies.png</icon>
			<thumb />
			<property name="background">C:\Users\wilc6\AppData\Roaming\Kodi\addons\skin.aeon.nox.silvo\backgrounds\reaper\01.jpg</property>
			<property name="backgroundName">C:\Users\wilc6\AppData\Roaming\Kodi\addons\skin.aeon.nox.silvo\backgrounds\reaper\01.jpg</property>
			<onclick condition="String.IsEqual(ListItem.Property(path),ActivateWindow(1129))">SetProperty(CustomSelectSearch,True,Home)</onclick>
			<onclick condition="Library.HasContent(Movies)">ActivateWindow(Videos,videodb://movies/titles/,return)</onclick>
			<property name="path">ActivateWindow(Videos,videodb://movies/titles/,return)</property>
			<onclick condition="![Library.HasContent(Movies)]">ActivateWindow(videos,files,return)</onclick>
			<visible>String.IsEqual(System.ProfileName,Master user)</visible>
			<property name="submenuVisibility">num-20342</property>
			<property name="hasSubmenu">True</property>
		</item>
		<item id="4">
			<property name="id">$NUMBER[4]</property>
			<label>$LOCALIZE[20343]</label>
			<label2 />
			<icon>special://skin/extras/icons/DefaultTVShows.png</icon>
			<thumb />
			<property name="background">C:\Users\wilc6\AppData\Roaming\Kodi\addons\skin.aeon.nox.silvo\backgrounds\reaper\02.jpg</property>
			<property name="backgroundName">C:\Users\wilc6\AppData\Roaming\Kodi\addons\skin.aeon.nox.silvo\backgrounds\reaper\02.jpg</property>
			<onclick condition="String.IsEqual(ListItem.Property(path),ActivateWindow(1129))">SetProperty(CustomSelectSearch,True,Home)</onclick>
			<onclick condition="Library.HasContent(TVShows)">ActivateWindow(Videos,videodb://tvshows/titles/,return)</onclick>
			<property name="path">ActivateWindow(Videos,videodb://tvshows/titles/,return)</property>
			<onclick condition="![Library.HasContent(TVShows)]">ActivateWindow(videos,files,return)</onclick>
			<visible>String.IsEqual(System.ProfileName,Master user)</visible>
			<property name="submenuVisibility">tvshows</property>
			<property name="hasSubmenu">True</property>
		</item>
		<item id="5">
			<property name="id">$NUMBER[5]</property>
			<label>$LOCALIZE[31502]</label>
			<label2 />
			<icon>special://skin/extras/icons/DefaultAddonPVRClient.png</icon>
			<thumb />
			<visible>False</visible>
			<onclick>noop</onclick>
			<property name="hasSubmenu">True</property>
		</item>
		<item id="6">
			<property name="id">$NUMBER[6]</property>
			<label>$LOCALIZE[3]</label>
			<label2 />
			<icon>special://skin/extras/icons/DefaultVideo.png</icon>
			<thumb />
			<property name="background">C:\Users\wilc6\AppData\Roaming\Kodi\addons\skin.aeon.nox.silvo\backgrounds\reaper\03.jpg</property>
			<property name="backgroundName">C:\Users\wilc6\AppData\Roaming\Kodi\addons\skin.aeon.nox.silvo\backgrounds\reaper\03.jpg</property>
			<onclick condition="String.IsEqual(ListItem.Property(path),ActivateWindow(1129))">SetProperty(CustomSelectSearch,True,Home)</onclick>
			<onclick>ActivateWindow(Videos,root)</onclick>
			<property name="path">ActivateWindow(Videos,root)</property>
			<visible>String.IsEqual(System.ProfileName,Master user)</visible>
			<property name="submenuVisibility">num-3</property>
			<property name="hasSubmenu">True</property>
		</item>
		<item id="7">
			<property name="id">$NUMBER[7]</property>
			<label>$LOCALIZE[31957]</label>
			<label2 />
			<icon>special://skin/extras/icons/DefaultAddon.png</icon>
			<thumb />
			<visible>False</visible>
			<onclick>noop</onclick>
			<property name="hasSubmenu">True</property>
		</item>
		<item id="8">
			<property name="id">$NUMBER[8]</property>
			<label>$LOCALIZE[15016]</label>
			<label2 />
			<icon>special://skin/extras/icons/DefaultGames.png</icon>
			<thumb />
			<visible>False</visible>
			<onclick>noop</onclick>
			<property name="hasSubmenu">False</property>
		</item>
		<item id="9">
			<property name="id">$NUMBER[9]</property>
			<label>$LOCALIZE[13000]</label>
			<label2 />
			<icon>special://skin/extras/icons/DefaultAddonService.png</icon>
			<thumb />
			<property name="background">C:\Users\wilc6\AppData\Roaming\Kodi\addons\skin.aeon.nox.silvo\backgrounds\reaper\settings.jpg</property>
			<property name="backgroundName">C:\Users\wilc6\AppData\Roaming\Kodi\addons\skin.aeon.nox.silvo\backgrounds\reaper\settings.jpg</property>
			<onclick condition="String.IsEqual(ListItem.Property(path),ActivateWindow(1129))">SetProperty(CustomSelectSearch,True,Home)</onclick>
			<onclick>ActivateWindow(Settings)</onclick>
			<property name="path">ActivateWindow(Settings)</property>
			<visible>String.IsEqual(System.ProfileName,Master user)</visible>
			<property name="submenuVisibility">num-13000</property>
			<property name="hasSubmenu">True</property>
		</item>
		<item id="10">
			<property name="id">$NUMBER[10]</property>
			<label>$LOCALIZE[137]</label>
			<label2 />
			<icon>special://skin/extras/icons/DefaultAddonsSearch.png</icon>
			<thumb />
			<property name="background">C:\Users\wilc6\AppData\Roaming\Kodi\addons\skin.aeon.nox.silvo\backgrounds\reaper\05.jpg</property>
			<property name="backgroundName">C:\Users\wilc6\AppData\Roaming\Kodi\addons\skin.aeon.nox.silvo\backgrounds\reaper\05.jpg</property>
			<onclick condition="String.IsEqual(ListItem.Property(path),ActivateWindow(1129))">SetProperty(CustomSelectSearch,True,Home)</onclick>
			<onclick>ActivateWindow(1129)</onclick>
			<property name="path">ActivateWindow(1129)</property>
			<visible>String.IsEqual(System.ProfileName,Master user)</visible>
			<property name="submenuVisibility">num-137</property>
			<property name="hasSubmenu">False</property>
		</item>
		<item id="11">
			<property name="id">$NUMBER[11]</property>
			<label>$LOCALIZE[31958]</label>
			<label2 />
			<icon>special://skin/extras/icons/Disc.png</icon>
			<thumb />
			<visible>System.HasMediaDVD</visible>
			<onclick condition="String.IsEqual(ListItem.Property(path),ActivateWindow(1129))">SetProperty(CustomSelectSearch,True,Home)</onclick>
			<onclick>PlayDisc</onclick>
			<property name="path">PlayDisc</property>
			<visible>String.IsEqual(System.ProfileName,Master user)</visible>
			<property name="submenuVisibility">num-31958</property>
			<property name="hasSubmenu">True</property>
		</item>
		<item id="12">
			<property name="id">$NUMBER[12]</property>
			<label>$LOCALIZE[33060]</label>
			<label2 />
			<icon>special://skin/extras/icons/power.png</icon>
			<thumb />
			<onclick condition="String.IsEqual(ListItem.Property(path),ActivateWindow(1129))">SetProperty(CustomSelectSearch,True,Home)</onclick>
			<onclick>ActivateWindow(shutdownmenu)</onclick>
			<property name="path">ActivateWindow(shutdownmenu)</property>
			<visible>String.IsEqual(System.ProfileName,Master user)</visible>
			<property name="submenuVisibility">num-33060</property>
			<property name="hasSubmenu">True</property>
		</item>
		<item id="13">
			<property name="id">$NUMBER[13]</property>
			<label>$LOCALIZE[1036]</label>
			<label2 />
			<icon>special://skin/extras/icons/Favorites.png</icon>
			<thumb />
			<visible>False</visible>
			<onclick>noop</onclick>
			<property name="hasSubmenu">False</property>
		</item>
		<item id="14">
			<property name="id">$NUMBER[14]</property>
			<label>$LOCALIZE[12600]</label>
			<label2 />
			<icon>special://skin/extras/icons/DefaultAddonWeather.png</icon>
			<thumb />
			<visible>False</visible>
			<onclick>noop</onclick>
			<property name="hasSubmenu">False</property>
		</item>
		<item id="15">
			<property name="id">$NUMBER[15]</property>
			<label>$LOCALIZE[20389]</label>
			<label2 />
			<icon>special://skin/extras/icons/DefaultMusicVideos.png</icon>
			<thumb />
			<visible>False</visible>
			<onclick>noop</onclick>
			<property name="hasSubmenu">True</property>
		</item>
	</include>
	<include />
	<include name="skinshortcuts-submenu">
		<item id="1">
			<property name="id">$NUMBER[1]</property>
			<property name="mainmenuid">1</property>
			<label>$LOCALIZE[24001]</label>
			<label2 />
			<icon>DefaultShortcut.png</icon>
			<thumb />
			<onclick>ActivateWindow(Pictures,Addons,return)</onclick>
			<property name="path">ActivateWindow(Pictures,Addons,return)</property>
			<visible>[String.IsEqual(System.ProfileName,Master user)] + String.IsEqual(Container(9000).ListItem.Property(submenuVisibility),num-1)</visible>
			<property name="isSubmenu">True</property>
		</item>
		<item id="1">
			<property name="id">$NUMBER[1]</property>
			<property name="mainmenuid">2</property>
			<label>$LOCALIZE[133]</label>
			<label2 />
			<icon>DefaultShortcut.png</icon>
			<thumb />
			<onclick condition="Library.HasContent(Music)">ActivateWindow(Music,musicdb://artists/,return)</onclick>
			<property name="path">ActivateWindow(Music,musicdb://artists/,return)</property>
			<onclick condition="![Library.HasContent(Music)]">ActivateWindow(Music,files)</onclick>
			<visible>[String.IsEqual(System.ProfileName,Master user)] + String.IsEqual(Container(9000).ListItem.Property(submenuVisibility),num-2)</visible>
			<property name="isSubmenu">True</property>
		</item>
		<item id="2">
			<property name="id">$NUMBER[2]</property>
			<property name="mainmenuid">2</property>
			<label>$LOCALIZE[132]</label>
			<label2 />
			<icon>DefaultShortcut.png</icon>
			<thumb />
			<onclick condition="Library.HasContent(Music)">ActivateWindow(Music,musicdb://albums/,return)</onclick>
			<property name="path">ActivateWindow(Music,musicdb://albums/,return)</property>
			<onclick condition="![Library.HasContent(Music)]">ActivateWindow(Music,files)</onclick>
			<visible>[String.IsEqual(System.ProfileName,Master user)] + String.IsEqual(Container(9000).ListItem.Property(submenuVisibility),num-2)</visible>
			<property name="isSubmenu">True</property>
		</item>
		<item id="3">
			<property name="id">$NUMBER[3]</property>
			<property name="mainmenuid">2</property>
			<label>$LOCALIZE[134]</label>
			<label2 />
			<icon>DefaultShortcut.png</icon>
			<thumb />
			<onclick condition="Library.HasContent(Music)">ActivateWindow(Music,musicdb://songs/,return)</onclick>
			<property name="path">ActivateWindow(Music,musicdb://songs/,return)</property>
			<onclick condition="![Library.HasContent(Music)]">ActivateWindow(Music,files)</onclick>
			<visible>[String.IsEqual(System.ProfileName,Master user)] + String.IsEqual(Container(9000).ListItem.Property(submenuVisibility),num-2)</visible>
			<property name="isSubmenu">True</property>
		</item>
		<item id="4">
			<property name="id">$NUMBER[4]</property>
			<property name="mainmenuid">2</property>
			<label>$LOCALIZE[744]</label>
			<label2 />
			<icon>DefaultShortcut.png</icon>
			<thumb />
			<onclick>ActivateWindow(Music,sources://music/,return)</onclick>
			<property name="path">ActivateWindow(Music,sources://music/,return)</property>
			<visible>[String.IsEqual(System.ProfileName,Master user)] + String.IsEqual(Container(9000).ListItem.Property(submenuVisibility),num-2)</visible>
			<property name="isSubmenu">True</property>
		</item>
		<item id="5">
			<property name="id">$NUMBER[5]</property>
			<property name="mainmenuid">2</property>
			<label>$LOCALIZE[24001]</label>
			<label2 />
			<icon>DefaultShortcut.png</icon>
			<thumb />
			<onclick>ActivateWindow(Music,addons://sources/audio/,return)</onclick>
			<property name="path">ActivateWindow(Music,addons://sources/audio/,return)</property>
			<visible>[String.IsEqual(System.ProfileName,Master user)] + String.IsEqual(Container(9000).ListItem.Property(submenuVisibility),num-2)</visible>
			<property name="isSubmenu">True</property>
		</item>
		<item id="6">
			<property name="id">$NUMBER[6]</property>
			<property name="mainmenuid">2</property>
			<label>$LOCALIZE[14022]</label>
			<label2 />
			<icon>DefaultShortcut.png</icon>
			<thumb />
			<onclick>ActivateWindow(Music,musicdb://)</onclick>
			<property name="path">ActivateWindow(Music,musicdb://)</property>
			<visible>[String.IsEqual(System.ProfileName,Master user)] + String.IsEqual(Container(9000).ListItem.Property(submenuVisibility),num-2)</visible>
			<property name="isSubmenu">True</property>
		</item>
		<item id="1">
			<property name="id">$NUMBER[1]</property>
			<property name="mainmenuid">3</property>
			<label>[COLORperu]Search[/COLOR]</label>
			<label2>Custom item</label2>
			<icon>DefaultShortcut.png</icon>
			<thumb />
			<property name="background">C:\Users\wilc6\AppData\Roaming\Kodi\addons\skin.aeon.nox.silvo\backgrounds\default\defaultred.jpg</property>
			<property name="backgroundName">C:\Users\wilc6\AppData\Roaming\Kodi\addons\skin.aeon.nox.silvo\backgrounds\default\defaultred.jpg</property>
			<onclick>ActivateWindow(Videos,"plugin://plugin.video.reaper/?mode=tmdb&amp;url=search&amp;name=%5BCOLOR+FFffffffff%5D%5BCOLOR%3Dred%5D%5BB%5DSearch+for+a+Movie%5B%2FB%5D%5B%2FCOLOR%5D%5B%2FCOLOR%5D&amp;iconimage=http%3A%2F%2Freapercrew.gyges.feralhosting.com%2FMedia%2Freaper-crew%2Fresources%2Ficons%2Fsearch_icon.png&amp;fanart=http%3A%2F%2Freapercrew.gyges.feralhosting.com%2FMedia%2Freaper-crew%2Fresources%2Ffanart%2Freaperbg2.jpg&amp;description=No+information+available",return)</onclick>
			<property name="path">ActivateWindow(Videos,"plugin://plugin.video.reaper/?mode=tmdb&amp;url=search&amp;name=%5BCOLOR+FFffffffff%5D%5BCOLOR%3Dred%5D%5BB%5DSearch+for+a+Movie%5B%2FB%5D%5B%2FCOLOR%5D%5B%2FCOLOR%5D&amp;iconimage=http%3A%2F%2Freapercrew.gyges.feralhosting.com%2FMedia%2Freaper-crew%2Fresources%2Ficons%2Fsearch_icon.png&amp;fanart=http%3A%2F%2Freapercrew.gyges.feralhosting.com%2FMedia%2Freaper-crew%2Fresources%2Ffanart%2Freaperbg2.jpg&amp;description=No+information+available",return)</property>
			<visible>[String.IsEqual(System.ProfileName,Master user)] + String.IsEqual(Container(9000).ListItem.Property(submenuVisibility),num-20342)</visible>
			<property name="isSubmenu">True</property>
		</item>
		<item id="2">
			<property name="id">$NUMBER[2]</property>
			<property name="mainmenuid">3</property>
			<label>[COLORperu]Trending Movies[/COLOR]</label>
			<label2>Custom item</label2>
			<icon>DefaultShortcut.png</icon>
			<thumb />
			<property name="background">C:\Users\wilc6\AppData\Roaming\Kodi\addons\skin.aeon.nox.silvo\backgrounds\default\defaultred.jpg</property>
			<property name="backgroundName">C:\Users\wilc6\AppData\Roaming\Kodi\addons\skin.aeon.nox.silvo\backgrounds\default\defaultred.jpg</property>
			<onclick>ActivateWindow(Videos,"plugin://plugin.video.reaper/?mode=imdbmovies&amp;url=movies%2Ftrending&amp;name=%5BCOLOR+FFffffffff%5D%5BCOLOR%3Dwhitesmoke%5DTrending+Movies%5B%2FCOLOR%5D&amp;iconimage=http%3A%2F%2Freapercrew.gyges.feralhosting.com%2FMedia%2Freaper-crew%2Fresources%2Ficons%2Ftreanding_movies_icon.png&amp;fanart=http%3A%2F%2Freapercrew.gyges.feralhosting.com%2FMedia%2Freaper-crew%2Fresources%2Ffanart%2Freaperbg2.jpg&amp;description=No+information+available",return)</onclick>
			<property name="path">ActivateWindow(Videos,"plugin://plugin.video.reaper/?mode=imdbmovies&amp;url=movies%2Ftrending&amp;name=%5BCOLOR+FFffffffff%5D%5BCOLOR%3Dwhitesmoke%5DTrending+Movies%5B%2FCOLOR%5D&amp;iconimage=http%3A%2F%2Freapercrew.gyges.feralhosting.com%2FMedia%2Freaper-crew%2Fresources%2Ficons%2Ftreanding_movies_icon.png&amp;fanart=http%3A%2F%2Freapercrew.gyges.feralhosting.com%2FMedia%2Freaper-crew%2Fresources%2Ffanart%2Freaperbg2.jpg&amp;description=No+information+available",return)</property>
			<visible>[String.IsEqual(System.ProfileName,Master user)] + String.IsEqual(Container(9000).ListItem.Property(submenuVisibility),num-20342)</visible>
			<property name="isSubmenu">True</property>
		</item>
		<item id="3">
			<property name="id">$NUMBER[3]</property>
			<property name="mainmenuid">3</property>
			<label>[COLORperu]Sets[/COLOR]</label>
			<label2>Custom item</label2>
			<icon>DefaultShortcut.png</icon>
			<thumb />
			<property name="background">C:\Users\wilc6\AppData\Roaming\Kodi\addons\skin.aeon.nox.silvo\backgrounds\default\defaultred.jpg</property>
			<property name="backgroundName">C:\Users\wilc6\AppData\Roaming\Kodi\addons\skin.aeon.nox.silvo\backgrounds\default\defaultred.jpg</property>
			<onclick>ActivateWindow(Videos,"plugin://plugin.video.reaper/?mode=get_list&amp;url=http%3A%2F%2Freapercrew.gyges.feralhosting.com%2FMedia%2Freaper-crew%2Fxml%2Fcollections.xml&amp;name=%5BCOLOR+FFffffffff%5D%5BCOLOR%3Dwhitesmoke%5DCollections%5B%2FCOLOR%5D%5B%2FCOLOR%5D&amp;iconimage=http%3A%2F%2Freapercrew.gyges.feralhosting.com%2FMedia%2Freaper-crew%2Fresources%2Ficons%2Fcollections_icon.png&amp;fanart=http%3A%2F%2Freapercrew.gyges.feralhosting.com%2FMedia%2Freaper-crew%2Fresources%2Ffanart%2Freaperbg2.jpg&amp;description=No+information+available",return)</onclick>
			<property name="path">ActivateWindow(Videos,"plugin://plugin.video.reaper/?mode=get_list&amp;url=http%3A%2F%2Freapercrew.gyges.feralhosting.com%2FMedia%2Freaper-crew%2Fxml%2Fcollections.xml&amp;name=%5BCOLOR+FFffffffff%5D%5BCOLOR%3Dwhitesmoke%5DCollections%5B%2FCOLOR%5D%5B%2FCOLOR%5D&amp;iconimage=http%3A%2F%2Freapercrew.gyges.feralhosting.com%2FMedia%2Freaper-crew%2Fresources%2Ficons%2Fcollections_icon.png&amp;fanart=http%3A%2F%2Freapercrew.gyges.feralhosting.com%2FMedia%2Freaper-crew%2Fresources%2Ffanart%2Freaperbg2.jpg&amp;description=No+information+available",return)</property>
			<visible>[String.IsEqual(System.ProfileName,Master user)] + String.IsEqual(Container(9000).ListItem.Property(submenuVisibility),num-20342)</visible>
			<property name="isSubmenu">True</property>
		</item>
		<item id="4">
			<property name="id">$NUMBER[4]</property>
			<property name="mainmenuid">3</property>
			<label>[COLORperu]Genres[/COLOR]</label>
			<label2>Custom item</label2>
			<icon>DefaultShortcut.png</icon>
			<thumb />
			<property name="background">C:\Users\wilc6\AppData\Roaming\Kodi\addons\skin.aeon.nox.silvo\backgrounds\default\defaultred.jpg</property>
			<property name="backgroundName">C:\Users\wilc6\AppData\Roaming\Kodi\addons\skin.aeon.nox.silvo\backgrounds\default\defaultred.jpg</property>
			<onclick>ActivateWindow(Videos,"plugin://plugin.video.reaper/?mode=get_list&amp;url=http%3A%2F%2Freapercrew.gyges.feralhosting.com%2FMedia%2Freaper-crew%2Fxml%2Fgenre_movies.xml&amp;name=%5BCOLOR+FFffffffff%5D%5BCOLOR%3Dwhitesmoke%5DGenre%27s%5B%2FCOLOR%5D+%5BCOLOR%3Dazure%5D%5BB%5D%5BI%5DGlobal%5B%2FI%5D%5B%2FB%5D%5B%2FCOLOR%5D%5B%2FCOLOR%5D&amp;iconimage=http%3A%2F%2Freapercrew.gyges.feralhosting.com%2FMedia%2Freaper-crew%2Fresources%2Ficons%2Fgenres_global_icon.png&amp;fanart=http%3A%2F%2Freapercrew.gyges.feralhosting.com%2FMedia%2Freaper-crew%2Fresources%2Ffanart%2Freaperbg2.jpg&amp;description=No+information+available",return)</onclick>
			<property name="path">ActivateWindow(Videos,"plugin://plugin.video.reaper/?mode=get_list&amp;url=http%3A%2F%2Freapercrew.gyges.feralhosting.com%2FMedia%2Freaper-crew%2Fxml%2Fgenre_movies.xml&amp;name=%5BCOLOR+FFffffffff%5D%5BCOLOR%3Dwhitesmoke%5DGenre%27s%5B%2FCOLOR%5D+%5BCOLOR%3Dazure%5D%5BB%5D%5BI%5DGlobal%5B%2FI%5D%5B%2FB%5D%5B%2FCOLOR%5D%5B%2FCOLOR%5D&amp;iconimage=http%3A%2F%2Freapercrew.gyges.feralhosting.com%2FMedia%2Freaper-crew%2Fresources%2Ficons%2Fgenres_global_icon.png&amp;fanart=http%3A%2F%2Freapercrew.gyges.feralhosting.com%2FMedia%2Freaper-crew%2Fresources%2Ffanart%2Freaperbg2.jpg&amp;description=No+information+available",return)</property>
			<visible>[String.IsEqual(System.ProfileName,Master user)] + String.IsEqual(Container(9000).ListItem.Property(submenuVisibility),num-20342)</visible>
			<property name="isSubmenu">True</property>
		</item>
		<item id="5">
			<property name="id">$NUMBER[5]</property>
			<property name="mainmenuid">3</property>
			<label>[COLORperu]Years[/COLOR]</label>
			<label2>Custom item</label2>
			<icon>DefaultShortcut.png</icon>
			<thumb />
			<property name="background">C:\Users\wilc6\AppData\Roaming\Kodi\addons\skin.aeon.nox.silvo\backgrounds\default\defaultred.jpg</property>
			<property name="backgroundName">C:\Users\wilc6\AppData\Roaming\Kodi\addons\skin.aeon.nox.silvo\backgrounds\default\defaultred.jpg</property>
			<onclick>ActivateWindow(Videos,"plugin://plugin.video.reaper/?mode=get_list&amp;url=http%3A%2F%2Freapercrew.gyges.feralhosting.com%2FMedia%2Freaper-crew%2Fxml%2Fmovie-years.xml&amp;name=%5BCOLOR+FFffffffff%5D%5BCOLOR%3Dwhitesmoke%5DBy+Year%5B%2FCOLOR%5D%5B%2FCOLOR%5D&amp;iconimage=http%3A%2F%2Freapercrew.gyges.feralhosting.com%2FMedia%2Freaper-crew%2Fresources%2Ficons%2Fyear_icon.png&amp;fanart=http%3A%2F%2Freapercrew.gyges.feralhosting.com%2FMedia%2Freaper-crew%2Fresources%2Ffanart%2Freaperbg2.jpg&amp;description=No+information+available",return)</onclick>
			<property name="path">ActivateWindow(Videos,"plugin://plugin.video.reaper/?mode=get_list&amp;url=http%3A%2F%2Freapercrew.gyges.feralhosting.com%2FMedia%2Freaper-crew%2Fxml%2Fmovie-years.xml&amp;name=%5BCOLOR+FFffffffff%5D%5BCOLOR%3Dwhitesmoke%5DBy+Year%5B%2FCOLOR%5D%5B%2FCOLOR%5D&amp;iconimage=http%3A%2F%2Freapercrew.gyges.feralhosting.com%2FMedia%2Freaper-crew%2Fresources%2Ficons%2Fyear_icon.png&amp;fanart=http%3A%2F%2Freapercrew.gyges.feralhosting.com%2FMedia%2Freaper-crew%2Fresources%2Ffanart%2Freaperbg2.jpg&amp;description=No+information+available",return)</property>
			<visible>[String.IsEqual(System.ProfileName,Master user)] + String.IsEqual(Container(9000).ListItem.Property(submenuVisibility),num-20342)</visible>
			<property name="isSubmenu">True</property>
		</item>
		<item id="6">
			<property name="id">$NUMBER[6]</property>
			<property name="mainmenuid">3</property>
			<label>[COLORperu]Actors[/COLOR]</label>
			<label2>Custom item</label2>
			<icon>DefaultShortcut.png</icon>
			<thumb />
			<property name="background">C:\Users\wilc6\AppData\Roaming\Kodi\addons\skin.aeon.nox.silvo\backgrounds\default\defaultred.jpg</property>
			<property name="backgroundName">C:\Users\wilc6\AppData\Roaming\Kodi\addons\skin.aeon.nox.silvo\backgrounds\default\defaultred.jpg</property>
			<onclick>ActivateWindow(Videos,"plugin://plugin.video.reaper/?mode=get_list&amp;url=https%3A%2F%2Fgyges.feralhosting.com%2Freapercrew%2FMedia%2Freaper-crew%2Fxml%2Fpeoplemain.xml&amp;name=%5BCOLOR+FFffffffff%5D%5BCOLOR%3Dwhite%5DPeople%5B%2FCOLOR%5D%5B%2FCOLOR%5D&amp;iconimage=http%3A%2F%2Freapercrew.gyges.feralhosting.com%2FMedia%2Freaper-crew%2Fresources%2Ficons%2Fpeople_icon.png&amp;fanart=http%3A%2F%2Freapercrew.gyges.feralhosting.com%2FMedia%2Freaper-crew%2Fresources%2Ffanart%2Freaperbg2.jpg&amp;description=No+information+available",return)</onclick>
			<property name="path">ActivateWindow(Videos,"plugin://plugin.video.reaper/?mode=get_list&amp;url=https%3A%2F%2Fgyges.feralhosting.com%2Freapercrew%2FMedia%2Freaper-crew%2Fxml%2Fpeoplemain.xml&amp;name=%5BCOLOR+FFffffffff%5D%5BCOLOR%3Dwhite%5DPeople%5B%2FCOLOR%5D%5B%2FCOLOR%5D&amp;iconimage=http%3A%2F%2Freapercrew.gyges.feralhosting.com%2FMedia%2Freaper-crew%2Fresources%2Ficons%2Fpeople_icon.png&amp;fanart=http%3A%2F%2Freapercrew.gyges.feralhosting.com%2FMedia%2Freaper-crew%2Fresources%2Ffanart%2Freaperbg2.jpg&amp;description=No+information+available",return)</property>
			<visible>[String.IsEqual(System.ProfileName,Master user)] + String.IsEqual(Container(9000).ListItem.Property(submenuVisibility),num-20342)</visible>
			<property name="isSubmenu">True</property>
		</item>
		<item id="1">
			<property name="id">$NUMBER[1]</property>
			<property name="mainmenuid">4</property>
			<label>$LOCALIZE[4]</label>
			<label2 />
			<icon>DefaultShortcut.png</icon>
			<thumb />
			<visible>[System.HasAddon(script.tv.show.next.aired)] + String.IsEqual(Container(9000).ListItem.Property(submenuVisibility),tvshows)</visible>
			<onclick>RunAddon(script.tv.show.next.aired,return)</onclick>
			<property name="path">RunAddon(script.tv.show.next.aired,return)</property>
			<visible>String.IsEqual(System.ProfileName,Master user)</visible>
			<property name="isSubmenu">True</property>
		</item>
		<item id="2">
			<property name="id">$NUMBER[2]</property>
			<property name="mainmenuid">4</property>
			<label>[COLORperu]DC Comics[/COLOR]</label>
			<label2>Custom item</label2>
			<icon>DefaultShortcut.png</icon>
			<thumb />
			<onclick>ActivateWindow(Videos,"plugin://plugin.video.reaper/?mode=get_list&amp;url=https%3A%2F%2Fgyges.feralhosting.com%2Freapercrew%2FMedia%2Freaper-crew%2Fxml%2Ftvshows%2FDCComics%2FDCComics.xml&amp;name=%5BCOLOR+FFffffffff%5D%5BCOLOR%3Dwhitesmoke%5DDC-TV%5B%2FCOLOR%5D%5B%2FCOLOR%5D&amp;iconimage=http%3A%2F%2Freapercrew.gyges.feralhosting.com%2FMedia%2Freaper-crew%2Fresources%2Ficons%2Fdccomics_icon.png&amp;fanart=http%3A%2F%2Freapercrew.gyges.feralhosting.com%2FMedia%2Freaper-crew%2Fresources%2Ffanart%2Freaperbg2.jpg&amp;description=No+information+available",return)</onclick>
			<property name="path">ActivateWindow(Videos,"plugin://plugin.video.reaper/?mode=get_list&amp;url=https%3A%2F%2Fgyges.feralhosting.com%2Freapercrew%2FMedia%2Freaper-crew%2Fxml%2Ftvshows%2FDCComics%2FDCComics.xml&amp;name=%5BCOLOR+FFffffffff%5D%5BCOLOR%3Dwhitesmoke%5DDC-TV%5B%2FCOLOR%5D%5B%2FCOLOR%5D&amp;iconimage=http%3A%2F%2Freapercrew.gyges.feralhosting.com%2FMedia%2Freaper-crew%2Fresources%2Ficons%2Fdccomics_icon.png&amp;fanart=http%3A%2F%2Freapercrew.gyges.feralhosting.com%2FMedia%2Freaper-crew%2Fresources%2Ffanart%2Freaperbg2.jpg&amp;description=No+information+available",return)</property>
			<visible>[String.IsEqual(System.ProfileName,Master user)] + String.IsEqual(Container(9000).ListItem.Property(submenuVisibility),tvshows)</visible>
			<property name="isSubmenu">True</property>
		</item>
		<item id="3">
			<property name="id">$NUMBER[3]</property>
			<property name="mainmenuid">4</property>
			<label>[COLORperu]Genres[/COLOR]</label>
			<label2>Custom item</label2>
			<icon>DefaultShortcut.png</icon>
			<thumb />
			<onclick>ActivateWindow(Videos,"plugin://plugin.video.reaper/?mode=get_list&amp;url=http%3A%2F%2Freapercrew.gyges.feralhosting.com%2FMedia%2Freaper-crew%2Fxml%2Fgenre_tv.xml&amp;name=%5BCOLOR+FFffffffff%5D%5BCOLOR%3Dwhitesmoke%5DGenre%27s%5B%2FCOLOR%5D%5B%2FCOLOR%5D&amp;iconimage=http%3A%2F%2Freapercrew.gyges.feralhosting.com%2FMedia%2Freaper-crew%2Fresources%2Ficons%2Fgenres_icon.png&amp;fanart=http%3A%2F%2Freapercrew.gyges.feralhosting.com%2FMedia%2Freaper-crew%2Fresources%2Ffanart%2Freaperbg2.jpg&amp;description=No+information+available",return)</onclick>
			<property name="path">ActivateWindow(Videos,"plugin://plugin.video.reaper/?mode=get_list&amp;url=http%3A%2F%2Freapercrew.gyges.feralhosting.com%2FMedia%2Freaper-crew%2Fxml%2Fgenre_tv.xml&amp;name=%5BCOLOR+FFffffffff%5D%5BCOLOR%3Dwhitesmoke%5DGenre%27s%5B%2FCOLOR%5D%5B%2FCOLOR%5D&amp;iconimage=http%3A%2F%2Freapercrew.gyges.feralhosting.com%2FMedia%2Freaper-crew%2Fresources%2Ficons%2Fgenres_icon.png&amp;fanart=http%3A%2F%2Freapercrew.gyges.feralhosting.com%2FMedia%2Freaper-crew%2Fresources%2Ffanart%2Freaperbg2.jpg&amp;description=No+information+available",return)</property>
			<visible>[String.IsEqual(System.ProfileName,Master user)] + String.IsEqual(Container(9000).ListItem.Property(submenuVisibility),tvshows)</visible>
			<property name="isSubmenu">True</property>
		</item>
		<item id="4">
			<property name="id">$NUMBER[4]</property>
			<property name="mainmenuid">4</property>
			<label>[COLORperu]I Remember That[/COLOR]</label>
			<label2>Custom item</label2>
			<icon>DefaultShortcut.png</icon>
			<thumb />
			<onclick>ActivateWindow(Videos,"plugin://plugin.video.reaper/?mode=get_list&amp;url=https%3A%2F%2Fgyges.feralhosting.com%2Freapercrew%2FMedia%2Freaper-crew%2Fxml%2Ftvshows%2FI_Remember_That%2Fremember.xml&amp;name=%5BCOLOR+FFffffffff%5D%5BCOLOR%3Dwhitesmoke%5DI+Remember+That%5B%2FCOLOR%5D%5B%2FCOLOR%5D&amp;iconimage=http%3A%2F%2Freapercrew.gyges.feralhosting.com%2FMedia%2Freaper-crew%2Fresources%2Ficons%2FIRT_icon.png&amp;fanart=http%3A%2F%2Freapercrew.gyges.feralhosting.com%2FMedia%2Freaper-crew%2Fresources%2Ffanart%2Freaperbg2.jpg&amp;description=No+information+available",return)</onclick>
			<property name="path">ActivateWindow(Videos,"plugin://plugin.video.reaper/?mode=get_list&amp;url=https%3A%2F%2Fgyges.feralhosting.com%2Freapercrew%2FMedia%2Freaper-crew%2Fxml%2Ftvshows%2FI_Remember_That%2Fremember.xml&amp;name=%5BCOLOR+FFffffffff%5D%5BCOLOR%3Dwhitesmoke%5DI+Remember+That%5B%2FCOLOR%5D%5B%2FCOLOR%5D&amp;iconimage=http%3A%2F%2Freapercrew.gyges.feralhosting.com%2FMedia%2Freaper-crew%2Fresources%2Ficons%2FIRT_icon.png&amp;fanart=http%3A%2F%2Freapercrew.gyges.feralhosting.com%2FMedia%2Freaper-crew%2Fresources%2Ffanart%2Freaperbg2.jpg&amp;description=No+information+available",return)</property>
			<visible>[String.IsEqual(System.ProfileName,Master user)] + String.IsEqual(Container(9000).ListItem.Property(submenuVisibility),tvshows)</visible>
			<property name="isSubmenu">True</property>
		</item>
		<item id="5">
			<property name="id">$NUMBER[5]</property>
			<property name="mainmenuid">4</property>
			<label>[COLORperu]Marvel[/COLOR]</label>
			<label2>Custom item</label2>
			<icon>DefaultShortcut.png</icon>
			<thumb />
			<onclick>ActivateWindow(Videos,"plugin://plugin.video.reaper/?mode=get_list&amp;url=http%3A%2F%2Freapercrew.gyges.feralhosting.com%2FMedia%2Freaper-crew%2Fxml%2FMarvel-TV.xml&amp;name=%5BCOLOR+FFffffffff%5D%5BCOLOR%3Dwhitesmoke%5DMarvel-TV%5B%2FCOLOR%5D%5B%2FCOLOR%5D&amp;iconimage=http%3A%2F%2Freapercrew.gyges.feralhosting.com%2FMedia%2Freaper-crew%2Fresources%2Ficons%2Fmarvel_icon.png&amp;fanart=http%3A%2F%2Freapercrew.gyges.feralhosting.com%2FMedia%2Freaper-crew%2Fresources%2Ffanart%2Freaperbg2.jpg&amp;description=No+information+available",return)</onclick>
			<property name="path">ActivateWindow(Videos,"plugin://plugin.video.reaper/?mode=get_list&amp;url=http%3A%2F%2Freapercrew.gyges.feralhosting.com%2FMedia%2Freaper-crew%2Fxml%2FMarvel-TV.xml&amp;name=%5BCOLOR+FFffffffff%5D%5BCOLOR%3Dwhitesmoke%5DMarvel-TV%5B%2FCOLOR%5D%5B%2FCOLOR%5D&amp;iconimage=http%3A%2F%2Freapercrew.gyges.feralhosting.com%2FMedia%2Freaper-crew%2Fresources%2Ficons%2Fmarvel_icon.png&amp;fanart=http%3A%2F%2Freapercrew.gyges.feralhosting.com%2FMedia%2Freaper-crew%2Fresources%2Ffanart%2Freaperbg2.jpg&amp;description=No+information+available",return)</property>
			<visible>[String.IsEqual(System.ProfileName,Master user)] + String.IsEqual(Container(9000).ListItem.Property(submenuVisibility),tvshows)</visible>
			<property name="isSubmenu">True</property>
		</item>
		<item id="6">
			<property name="id">$NUMBER[6]</property>
			<property name="mainmenuid">4</property>
			<label>[COLORperu]Search[/COLOR]</label>
			<label2>Custom item</label2>
			<icon>DefaultShortcut.png</icon>
			<thumb />
			<onclick>ActivateWindow(Videos,"plugin://plugin.video.reaper/?mode=tmdb&amp;url=search&amp;name=%5BCOLOR+FFffffffff%5D%5BCOLOR%3Dwhitesmoke%5DSearch+for+a+Show%5B%2FCOLOR%5D%5B%2FCOLOR%5D&amp;iconimage=http%3A%2F%2Freapercrew.gyges.feralhosting.com%2FMedia%2Freaper-crew%2Fresources%2Ficons%2Fsearch_icon.png&amp;fanart=http%3A%2F%2Freapercrew.gyges.feralhosting.com%2FMedia%2Freaper-crew%2Fresources%2Ffanart%2Freaperbg2.jpg&amp;description=No+information+available",return)</onclick>
			<property name="path">ActivateWindow(Videos,"plugin://plugin.video.reaper/?mode=tmdb&amp;url=search&amp;name=%5BCOLOR+FFffffffff%5D%5BCOLOR%3Dwhitesmoke%5DSearch+for+a+Show%5B%2FCOLOR%5D%5B%2FCOLOR%5D&amp;iconimage=http%3A%2F%2Freapercrew.gyges.feralhosting.com%2FMedia%2Freaper-crew%2Fresources%2Ficons%2Fsearch_icon.png&amp;fanart=http%3A%2F%2Freapercrew.gyges.feralhosting.com%2FMedia%2Freaper-crew%2Fresources%2Ffanart%2Freaperbg2.jpg&amp;description=No+information+available",return)</property>
			<visible>[String.IsEqual(System.ProfileName,Master user)] + String.IsEqual(Container(9000).ListItem.Property(submenuVisibility),tvshows)</visible>
			<property name="isSubmenu">True</property>
		</item>
		<item id="7">
			<property name="id">$NUMBER[7]</property>
			<property name="mainmenuid">4</property>
			<label>[COLORperu]The Funny Bone[/COLOR]</label>
			<label2>Custom item</label2>
			<icon>DefaultShortcut.png</icon>
			<thumb />
			<onclick>ActivateWindow(Videos,"plugin://plugin.video.reaper/?mode=get_list&amp;url=http%3A%2F%2Freapercrew.gyges.feralhosting.com%2FMedia%2Freaper-crew%2Fxml%2Fcomediansmain.xml&amp;name=%5BCOLOR+FFffffffff%5D%5BCOLOR%3Dwhitesmoke%5DThe+Funny+Bone%5B%2FCOLOR%5D%5B%2FCOLOR%5D&amp;iconimage=http%3A%2F%2Freapercrew.gyges.feralhosting.com%2FMedia%2Freaper-crew%2Fresources%2Ficons%2Fcomedians_icon.png&amp;fanart=http%3A%2F%2Freapercrew.gyges.feralhosting.com%2FMedia%2Freaper-crew%2Fresources%2Ffanart%2Freaperbg2.jpg&amp;description=No+information+available",return)</onclick>
			<property name="path">ActivateWindow(Videos,"plugin://plugin.video.reaper/?mode=get_list&amp;url=http%3A%2F%2Freapercrew.gyges.feralhosting.com%2FMedia%2Freaper-crew%2Fxml%2Fcomediansmain.xml&amp;name=%5BCOLOR+FFffffffff%5D%5BCOLOR%3Dwhitesmoke%5DThe+Funny+Bone%5B%2FCOLOR%5D%5B%2FCOLOR%5D&amp;iconimage=http%3A%2F%2Freapercrew.gyges.feralhosting.com%2FMedia%2Freaper-crew%2Fresources%2Ficons%2Fcomedians_icon.png&amp;fanart=http%3A%2F%2Freapercrew.gyges.feralhosting.com%2FMedia%2Freaper-crew%2Fresources%2Ffanart%2Freaperbg2.jpg&amp;description=No+information+available",return)</property>
			<visible>[String.IsEqual(System.ProfileName,Master user)] + String.IsEqual(Container(9000).ListItem.Property(submenuVisibility),tvshows)</visible>
			<property name="isSubmenu">True</property>
		</item>
		<item id="8">
			<property name="id">$NUMBER[8]</property>
			<property name="mainmenuid">4</property>
			<label>[COLORperu]Trending Shows[/COLOR]</label>
			<label2>Custom item</label2>
			<icon>DefaultShortcut.png</icon>
			<thumb />
			<onclick>ActivateWindow(Videos,"plugin://plugin.video.reaper/?mode=trakt&amp;url=https%3A%2F%2Fapi.trakt.tv%2Fshows%2Ftrending&amp;name=%5BCOLOR+FFffffffff%5D%5BCOLOR%3Dwhitesmoke%5DTrending+TV+Shows%5B%2FCOLOR%5D%5B%2FCOLOR%5D&amp;iconimage=http%3A%2F%2Freapercrew.gyges.feralhosting.com%2FMedia%2Freaper-crew%2Fresources%2Ficons%2Ftreanding_tv_icon.png&amp;fanart=http%3A%2F%2Freapercrew.gyges.feralhosting.com%2FMedia%2Freaper-crew%2Fresources%2Ffanart%2Freaperbg2.jpg&amp;description=No+information+available",return)</onclick>
			<property name="path">ActivateWindow(Videos,"plugin://plugin.video.reaper/?mode=trakt&amp;url=https%3A%2F%2Fapi.trakt.tv%2Fshows%2Ftrending&amp;name=%5BCOLOR+FFffffffff%5D%5BCOLOR%3Dwhitesmoke%5DTrending+TV+Shows%5B%2FCOLOR%5D%5B%2FCOLOR%5D&amp;iconimage=http%3A%2F%2Freapercrew.gyges.feralhosting.com%2FMedia%2Freaper-crew%2Fresources%2Ficons%2Ftreanding_tv_icon.png&amp;fanart=http%3A%2F%2Freapercrew.gyges.feralhosting.com%2FMedia%2Freaper-crew%2Fresources%2Ffanart%2Freaperbg2.jpg&amp;description=No+information+available",return)</property>
			<visible>[String.IsEqual(System.ProfileName,Master user)] + String.IsEqual(Container(9000).ListItem.Property(submenuVisibility),tvshows)</visible>
			<property name="isSubmenu">True</property>
		</item>
		<item id="1">
			<property name="id">$NUMBER[1]</property>
			<property name="mainmenuid">5</property>
			<label>$LOCALIZE[19024]</label>
			<label2 />
			<icon>DefaultShortcut.png</icon>
			<thumb />
			<onclick condition="System.HasPVRAddon">ActivateWindow(RadioChannels)</onclick>
			<property name="path">ActivateWindow(RadioChannels)</property>
			<onclick condition="![System.HasPVRAddon]">ActivateWindow(addonbrowser,addons://repository.xbmc.org/xbmc.pvrclient,return)</onclick>
			<visible>[String.IsEqual(System.ProfileName,Master user)] + String.IsEqual(Container(9000).ListItem.Property(submenuVisibility),num-31502)</visible>
			<property name="isSubmenu">True</property>
		</item>
		<item id="2">
			<property name="id">$NUMBER[2]</property>
			<property name="mainmenuid">5</property>
			<label>$LOCALIZE[19023]</label>
			<label2 />
			<icon>DefaultShortcut.png</icon>
			<thumb />
			<onclick condition="System.HasPVRAddon">ActivateWindow(TVChannels)</onclick>
			<property name="path">ActivateWindow(TVChannels)</property>
			<onclick condition="![System.HasPVRAddon]">ActivateWindow(addonbrowser,addons://repository.xbmc.org/xbmc.pvrclient,return)</onclick>
			<visible>[String.IsEqual(System.ProfileName,Master user)] + String.IsEqual(Container(9000).ListItem.Property(submenuVisibility),num-31502)</visible>
			<property name="isSubmenu">True</property>
		</item>
		<item id="3">
			<property name="id">$NUMBER[3]</property>
			<property name="mainmenuid">5</property>
			<label>$LOCALIZE[19069]</label>
			<label2 />
			<icon>DefaultShortcut.png</icon>
			<thumb />
			<onclick condition="System.HasPVRAddon">ActivateWindow(TVGuide)</onclick>
			<property name="path">ActivateWindow(TVGuide)</property>
			<onclick condition="![System.HasPVRAddon]">ActivateWindow(addonbrowser,addons://repository.xbmc.org/xbmc.pvrclient,return)</onclick>
			<visible>[String.IsEqual(System.ProfileName,Master user)] + String.IsEqual(Container(9000).ListItem.Property(submenuVisibility),num-31502)</visible>
			<property name="isSubmenu">True</property>
		</item>
		<item id="4">
			<property name="id">$NUMBER[4]</property>
			<property name="mainmenuid">5</property>
			<label>$LOCALIZE[19163]</label>
			<label2 />
			<icon>DefaultShortcut.png</icon>
			<thumb />
			<onclick condition="System.HasPVRAddon">ActivateWindow(TVRecordings)</onclick>
			<property name="path">ActivateWindow(TVRecordings)</property>
			<onclick condition="![System.HasPVRAddon]">ActivateWindow(addonbrowser,addons://repository.xbmc.org/xbmc.pvrclient,return)</onclick>
			<visible>[String.IsEqual(System.ProfileName,Master user)] + String.IsEqual(Container(9000).ListItem.Property(submenuVisibility),num-31502)</visible>
			<property name="isSubmenu">True</property>
		</item>
		<item id="5">
			<property name="id">$NUMBER[5]</property>
			<property name="mainmenuid">5</property>
			<label>$LOCALIZE[19040]</label>
			<label2 />
			<icon>DefaultShortcut.png</icon>
			<thumb />
			<onclick condition="System.HasPVRAddon">ActivateWindow(TVTimers)</onclick>
			<property name="path">ActivateWindow(TVTimers)</property>
			<onclick condition="![System.HasPVRAddon]">ActivateWindow(addonbrowser,addons://repository.xbmc.org/xbmc.pvrclient,return)</onclick>
			<visible>[String.IsEqual(System.ProfileName,Master user)] + String.IsEqual(Container(9000).ListItem.Property(submenuVisibility),num-31502)</visible>
			<property name="isSubmenu">True</property>
		</item>
		<item id="1">
			<property name="id">$NUMBER[1]</property>
			<property name="mainmenuid">6</property>
			<label>$LOCALIZE[20342]</label>
			<label2 />
			<icon>DefaultShortcut.png</icon>
			<thumb />
			<onclick condition="Library.HasContent(Movies)">ActivateWindow(Videos,Movies,root)</onclick>
			<property name="path">ActivateWindow(Videos,Movies,root)</property>
			<onclick condition="![Library.HasContent(Movies)]">ActivateWindow(videos,files,return)</onclick>
			<visible>[String.IsEqual(System.ProfileName,Master user)] + String.IsEqual(Container(9000).ListItem.Property(submenuVisibility),num-3)</visible>
			<property name="isSubmenu">True</property>
		</item>
		<item id="2">
			<property name="id">$NUMBER[2]</property>
			<property name="mainmenuid">6</property>
			<label>$LOCALIZE[20343]</label>
			<label2 />
			<icon>DefaultShortcut.png</icon>
			<thumb />
			<onclick condition="Library.HasContent(TVShows)">ActivateWindow(Videos,TvShows,root)</onclick>
			<property name="path">ActivateWindow(Videos,TvShows,root)</property>
			<onclick condition="![Library.HasContent(TVShows)]">ActivateWindow(videos,files,return)</onclick>
			<visible>[String.IsEqual(System.ProfileName,Master user)] + String.IsEqual(Container(9000).ListItem.Property(submenuVisibility),num-3)</visible>
			<property name="isSubmenu">True</property>
		</item>
		<item id="3">
			<property name="id">$NUMBER[3]</property>
			<property name="mainmenuid">6</property>
			<label>Program Add-Ons</label>
			<label2>Custom item</label2>
			<icon>DefaultShortcut.png</icon>
			<thumb />
			<onclick>ActivateWindow(Programs,Addons,return)</onclick>
			<property name="path">ActivateWindow(Programs,Addons,return)</property>
			<visible>[String.IsEqual(System.ProfileName,Master user)] + String.IsEqual(Container(9000).ListItem.Property(submenuVisibility),num-3)</visible>
			<property name="isSubmenu">True</property>
		</item>
		<item id="4">
			<property name="id">$NUMBER[4]</property>
			<property name="mainmenuid">6</property>
			<label>Add Ons</label>
			<label2>Custom item</label2>
			<icon>DefaultShortcut.png</icon>
			<thumb />
			<onclick>ActivateWindow(Videos,Addons,return)</onclick>
			<property name="path">ActivateWindow(Videos,Addons,return)</property>
			<visible>[String.IsEqual(System.ProfileName,Master user)] + String.IsEqual(Container(9000).ListItem.Property(submenuVisibility),num-3)</visible>
			<property name="isSubmenu">True</property>
		</item>
		<item id="5">
			<property name="id">$NUMBER[5]</property>
			<property name="mainmenuid">6</property>
			<label>$LOCALIZE[14022]</label>
			<label2 />
			<icon>DefaultShortcut.png</icon>
			<thumb />
			<onclick>ActivateWindow(Videos,Root)</onclick>
			<property name="path">ActivateWindow(Videos,Root)</property>
			<visible>[String.IsEqual(System.ProfileName,Master user)] + String.IsEqual(Container(9000).ListItem.Property(submenuVisibility),num-3)</visible>
			<property name="isSubmenu">True</property>
		</item>
		<item id="6">
			<property name="id">$NUMBER[6]</property>
			<property name="mainmenuid">6</property>
			<label>$LOCALIZE[24001]</label>
			<label2 />
			<icon>DefaultShortcut.png</icon>
			<thumb />
			<onclick>ActivateWindow(Videos,Addons,return)</onclick>
			<property name="path">ActivateWindow(Videos,Addons,return)</property>
			<visible>[String.IsEqual(System.ProfileName,Master user)] + String.IsEqual(Container(9000).ListItem.Property(submenuVisibility),num-3)</visible>
			<property name="isSubmenu">True</property>
		</item>
		<item id="7">
			<property name="id">$NUMBER[7]</property>
			<property name="mainmenuid">6</property>
			<label>$LOCALIZE[744]</label>
			<label2 />
			<icon>DefaultShortcut.png</icon>
			<thumb />
			<onclick>ActivateWindow(Videos,Files,return)</onclick>
			<property name="path">ActivateWindow(Videos,Files,return)</property>
			<visible>[String.IsEqual(System.ProfileName,Master user)] + String.IsEqual(Container(9000).ListItem.Property(submenuVisibility),num-3)</visible>
			<property name="isSubmenu">True</property>
		</item>
		<item id="1">
			<property name="id">$NUMBER[1]</property>
			<property name="mainmenuid">7</property>
			<label>$LOCALIZE[1038]</label>
			<label2 />
			<icon>DefaultShortcut.png</icon>
			<thumb />
			<onclick>ActivateWindow(Music,Addons,return)</onclick>
			<property name="path">ActivateWindow(Music,Addons,return)</property>
			<visible>[String.IsEqual(System.ProfileName,Master user)] + String.IsEqual(Container(9000).ListItem.Property(submenuVisibility),num-31957)</visible>
			<property name="isSubmenu">True</property>
		</item>
		<item id="2">
			<property name="id">$NUMBER[2]</property>
			<property name="mainmenuid">7</property>
			<label>$LOCALIZE[1037]</label>
			<label2 />
			<icon>DefaultShortcut.png</icon>
			<thumb />
			<onclick>ActivateWindow(Videos,Addons,return)</onclick>
			<property name="path">ActivateWindow(Videos,Addons,return)</property>
			<visible>[String.IsEqual(System.ProfileName,Master user)] + String.IsEqual(Container(9000).ListItem.Property(submenuVisibility),num-31957)</visible>
			<property name="isSubmenu">True</property>
		</item>
		<item id="3">
			<property name="id">$NUMBER[3]</property>
			<property name="mainmenuid">7</property>
			<label>$LOCALIZE[10040]</label>
			<label2 />
			<icon>DefaultShortcut.png</icon>
			<thumb />
			<onclick>ActivateWindow(Addonbrowser)</onclick>
			<property name="path">ActivateWindow(Addonbrowser)</property>
			<visible>[String.IsEqual(System.ProfileName,Master user)] + String.IsEqual(Container(9000).ListItem.Property(submenuVisibility),num-31957)</visible>
			<property name="isSubmenu">True</property>
		</item>
		<item id="4">
			<property name="id">$NUMBER[4]</property>
			<property name="mainmenuid">7</property>
			<label>$LOCALIZE[1043]</label>
			<label2 />
			<icon>DefaultShortcut.png</icon>
			<thumb />
			<onclick>ActivateWindow(Programs,Addons,return)</onclick>
			<property name="path">ActivateWindow(Programs,Addons,return)</property>
			<visible>[String.IsEqual(System.ProfileName,Master user)] + String.IsEqual(Container(9000).ListItem.Property(submenuVisibility),num-31957)</visible>
			<property name="isSubmenu">True</property>
		</item>
		<item id="5">
			<property name="id">$NUMBER[5]</property>
			<property name="mainmenuid">7</property>
			<label>$LOCALIZE[1039]</label>
			<label2 />
			<icon>DefaultShortcut.png</icon>
			<thumb />
			<onclick>ActivateWindow(Pictures,Addons,return)</onclick>
			<property name="path">ActivateWindow(Pictures,Addons,return)</property>
			<visible>[String.IsEqual(System.ProfileName,Master user)] + String.IsEqual(Container(9000).ListItem.Property(submenuVisibility),num-31957)</visible>
			<property name="isSubmenu">True</property>
		</item>
		<item id="1">
			<property name="id">$NUMBER[1]</property>
			<property name="mainmenuid">9</property>
			<label>$LOCALIZE[130]</label>
			<label2 />
			<icon>DefaultShortcut.png</icon>
			<thumb />
			<onclick>ActivateWindow(SystemInfo)</onclick>
			<property name="path">ActivateWindow(SystemInfo)</property>
			<visible>[String.IsEqual(System.ProfileName,Master user)] + String.IsEqual(Container(9000).ListItem.Property(submenuVisibility),num-13000)</visible>
			<property name="isSubmenu">True</property>
		</item>
		<item id="2">
			<property name="id">$NUMBER[2]</property>
			<property name="mainmenuid">9</property>
			<label>$LOCALIZE[33060]</label>
			<label2 />
			<icon>DefaultShortcut.png</icon>
			<thumb />
			<onclick>ActivateWindow(shutdownmenu)</onclick>
			<property name="path">ActivateWindow(shutdownmenu)</property>
			<visible>[String.IsEqual(System.ProfileName,Master user)] + String.IsEqual(Container(9000).ListItem.Property(submenuVisibility),num-13000)</visible>
			<property name="isSubmenu">True</property>
		</item>
		<item id="3">
			<property name="id">$NUMBER[3]</property>
			<property name="mainmenuid">9</property>
			<label>$LOCALIZE[20077]</label>
			<label2 />
			<icon>DefaultShortcut.png</icon>
			<thumb />
			<onclick>ActivateWindow(SkinSettings)</onclick>
			<property name="path">ActivateWindow(SkinSettings)</property>
			<visible>[String.IsEqual(System.ProfileName,Master user)] + String.IsEqual(Container(9000).ListItem.Property(submenuVisibility),num-13000)</visible>
			<property name="isSubmenu">True</property>
		</item>
		<item id="4">
			<property name="id">$NUMBER[4]</property>
			<property name="mainmenuid">9</property>
			<label>$LOCALIZE[7]</label>
			<label2 />
			<icon>DefaultShortcut.png</icon>
			<thumb />
			<onclick>ActivateWindow(FileManager)</onclick>
			<property name="path">ActivateWindow(FileManager)</property>
			<visible>[String.IsEqual(System.ProfileName,Master user)] + String.IsEqual(Container(9000).ListItem.Property(submenuVisibility),num-13000)</visible>
			<property name="isSubmenu">True</property>
		</item>
		<item id="5">
			<property name="id">$NUMBER[5]</property>
			<property name="mainmenuid">9</property>
			<label>$LOCALIZE[13200]</label>
			<label2 />
			<icon>DefaultShortcut.png</icon>
			<thumb />
			<onclick>ActivateWindow(Profiles)</onclick>
			<property name="path">ActivateWindow(Profiles)</property>
			<visible>[String.IsEqual(System.ProfileName,Master user)] + String.IsEqual(Container(9000).ListItem.Property(submenuVisibility),num-13000)</visible>
			<property name="isSubmenu">True</property>
		</item>
		<item id="6">
			<property name="id">$NUMBER[6]</property>
			<property name="mainmenuid">9</property>
			<label>$LOCALIZE[31159]</label>
			<label2 />
			<icon>DefaultShortcut.png</icon>
			<thumb />
			<visible>[system.getbool(eventlog.enabled)] + String.IsEqual(Container(9000).ListItem.Property(submenuVisibility),num-13000)</visible>
			<onclick>ActivateWindow(Eventlog)</onclick>
			<property name="path">ActivateWindow(Eventlog)</property>
			<visible>String.IsEqual(System.ProfileName,Master user)</visible>
			<property name="isSubmenu">True</property>
		</item>
		<item id="1">
			<property name="id">$NUMBER[1]</property>
			<property name="mainmenuid">11</property>
			<label>$LOCALIZE[31485]</label>
			<label2 />
			<icon>DefaultShortcut.png</icon>
			<thumb />
			<onclick>EjectTray()</onclick>
			<property name="path">EjectTray()</property>
			<visible>[String.IsEqual(System.ProfileName,Master user)] + String.IsEqual(Container(9000).ListItem.Property(submenuVisibility),num-31958)</visible>
			<property name="isSubmenu">True</property>
		</item>
		<item id="2">
			<property name="id">$NUMBER[2]</property>
			<property name="mainmenuid">11</property>
			<label>$LOCALIZE[600]</label>
			<label2 />
			<icon>DefaultShortcut.png</icon>
			<thumb />
			<visible>[System.HasMediaAudioCD] + String.IsEqual(Container(9000).ListItem.Property(submenuVisibility),num-31958)</visible>
			<onclick>RipCD</onclick>
			<property name="path">RipCD</property>
			<visible>String.IsEqual(System.ProfileName,Master user)</visible>
			<property name="isSubmenu">True</property>
		</item>
		<item id="1">
			<property name="id">$NUMBER[1]</property>
			<property name="mainmenuid">12</property>
			<label>$LOCALIZE[13016]</label>
			<label2 />
			<icon>DefaultShortcut.png</icon>
			<thumb />
			<visible>[System.CanPowerDown] + String.IsEqual(Container(9000).ListItem.Property(submenuVisibility),num-33060)</visible>
			<onclick>Powerdown()</onclick>
			<property name="path">Powerdown()</property>
			<visible>String.IsEqual(System.ProfileName,Master user)</visible>
			<property name="isSubmenu">True</property>
		</item>
		<item id="2">
			<property name="id">$NUMBER[2]</property>
			<property name="mainmenuid">12</property>
			<label>$LOCALIZE[13013]</label>
			<label2 />
			<icon>DefaultShortcut.png</icon>
			<thumb />
			<visible>[System.CanReboot] + String.IsEqual(Container(9000).ListItem.Property(submenuVisibility),num-33060)</visible>
			<onclick>Reset()</onclick>
			<property name="path">Reset()</property>
			<visible>String.IsEqual(System.ProfileName,Master user)</visible>
			<property name="isSubmenu">True</property>
		</item>
		<item id="3">
			<property name="id">$NUMBER[3]</property>
			<property name="mainmenuid">12</property>
			<label>$LOCALIZE[13011]</label>
			<label2 />
			<icon>DefaultShortcut.png</icon>
			<thumb />
			<visible>[System.CanSuspend] + String.IsEqual(Container(9000).ListItem.Property(submenuVisibility),num-33060)</visible>
			<onclick>Suspend()</onclick>
			<property name="path">Suspend()</property>
			<visible>String.IsEqual(System.ProfileName,Master user)</visible>
			<property name="isSubmenu">True</property>
		</item>
		<item id="4">
			<property name="id">$NUMBER[4]</property>
			<property name="mainmenuid">12</property>
			<label>$LOCALIZE[13010]</label>
			<label2 />
			<icon>DefaultShortcut.png</icon>
			<thumb />
			<visible>[System.CanHibernate] + String.IsEqual(Container(9000).ListItem.Property(submenuVisibility),num-33060)</visible>
			<onclick>Hibernate()</onclick>
			<property name="path">Hibernate()</property>
			<visible>String.IsEqual(System.ProfileName,Master user)</visible>
			<property name="isSubmenu">True</property>
		</item>
		<item id="5">
			<property name="id">$NUMBER[5]</property>
			<property name="mainmenuid">12</property>
			<label>$LOCALIZE[20126]</label>
			<label2 />
			<icon>DefaultShortcut.png</icon>
			<thumb />
			<visible>[[System.HasLoginScreen | IntegerGreaterThan(System.ProfileCount,1)] + System.Loggedon] + String.IsEqual(Container(9000).ListItem.Property(submenuVisibility),num-33060)</visible>
			<onclick>System.LogOff</onclick>
			<property name="path">System.LogOff</property>
			<visible>String.IsEqual(System.ProfileName,Master user)</visible>
			<property name="isSubmenu">True</property>
		</item>
		<item id="6">
			<property name="id">$NUMBER[6]</property>
			<property name="mainmenuid">12</property>
			<label>$LOCALIZE[13009]</label>
			<label2 />
			<icon>DefaultShortcut.png</icon>
			<thumb />
			<visible>[System.ShowExitButton] + String.IsEqual(Container(9000).ListItem.Property(submenuVisibility),num-33060)</visible>
			<onclick>Quit()</onclick>
			<property name="path">Quit()</property>
			<visible>String.IsEqual(System.ProfileName,Master user)</visible>
			<property name="isSubmenu">True</property>
		</item>
		<item id="1">
			<property name="id">$NUMBER[1]</property>
			<property name="mainmenuid">15</property>
			<label>$LOCALIZE[133]</label>
			<label2 />
			<icon>DefaultShortcut.png</icon>
			<thumb />
			<onclick condition="Library.HasContent(MusicVideos)">ActivateWindow(Videos,videodb://musicvideos/artists/,return)</onclick>
			<property name="path">ActivateWindow(Videos,videodb://musicvideos/artists/,return)</property>
			<onclick condition="![Library.HasContent(MusicVideos)]">ActivateWindow(videos,files,return)</onclick>
			<visible>[String.IsEqual(System.ProfileName,Master user)] + String.IsEqual(Container(9000).ListItem.Property(submenuVisibility),musicvideos)</visible>
			<property name="isSubmenu">True</property>
		</item>
		<item id="2">
			<property name="id">$NUMBER[2]</property>
			<property name="mainmenuid">15</property>
			<label>$LOCALIZE[135]</label>
			<label2 />
			<icon>DefaultShortcut.png</icon>
			<thumb />
			<onclick condition="Library.HasContent(MusicVideos)">ActivateWindow(Videos,videodb://musicvideos/genres,return)</onclick>
			<property name="path">ActivateWindow(Videos,videodb://musicvideos/genres,return)</property>
			<onclick condition="![Library.HasContent(MusicVideos)]">ActivateWindow(videos,files,return)</onclick>
			<visible>[String.IsEqual(System.ProfileName,Master user)] + String.IsEqual(Container(9000).ListItem.Property(submenuVisibility),musicvideos)</visible>
			<property name="isSubmenu">True</property>
		</item>
		<item id="3">
			<property name="id">$NUMBER[3]</property>
			<property name="mainmenuid">15</property>
			<label>$LOCALIZE[31328]</label>
			<label2 />
			<icon>DefaultShortcut.png</icon>
			<thumb />
			<onclick>ActivateWindow(Videos,videodb://recentlyaddedmusicvideos/,return)</onclick>
			<property name="path">ActivateWindow(Videos,videodb://recentlyaddedmusicvideos/,return)</property>
			<visible>[String.IsEqual(System.ProfileName,Master user)] + String.IsEqual(Container(9000).ListItem.Property(submenuVisibility),musicvideos)</visible>
			<property name="isSubmenu">True</property>
		</item>
		<item id="4">
			<property name="id">$NUMBER[4]</property>
			<property name="mainmenuid">15</property>
			<label>$LOCALIZE[652]</label>
			<label2 />
			<icon>DefaultShortcut.png</icon>
			<thumb />
			<onclick condition="Library.HasContent(MusicVideos)">ActivateWindow(Videos,videodb://musicvideos/years/,return)</onclick>
			<property name="path">ActivateWindow(Videos,videodb://musicvideos/years/,return)</property>
			<onclick condition="![Library.HasContent(MusicVideos)]">ActivateWindow(videos,files,return)</onclick>
			<visible>[String.IsEqual(System.ProfileName,Master user)] + String.IsEqual(Container(9000).ListItem.Property(submenuVisibility),musicvideos)</visible>
			<property name="isSubmenu">True</property>
		</item>
		<item id="5">
			<property name="id">$NUMBER[5]</property>
			<property name="mainmenuid">15</property>
			<label>$LOCALIZE[20459]</label>
			<label2 />
			<icon>DefaultShortcut.png</icon>
			<thumb />
			<onclick condition="Library.HasContent(MusicVideos)">ActivateWindow(Videos,videodb://musicvideos/tags/,return)</onclick>
			<property name="path">ActivateWindow(Videos,videodb://musicvideos/tags/,return)</property>
			<onclick condition="![Library.HasContent(MusicVideos)]">ActivateWindow(videos,files,return)</onclick>
			<visible>[String.IsEqual(System.ProfileName,Master user)] + String.IsEqual(Container(9000).ListItem.Property(submenuVisibility),musicvideos)</visible>
			<property name="isSubmenu">True</property>
		</item>
	</include>
	<include />
	<include name="skinshortcuts-submenu-1" />
	<include />
	<include name="skinshortcuts-submenu-2" />
</includes>
