<?xml version="1.0" encoding="UTF-8" standalone="yes"?>
<addon id="script.module.resolveurl.xxx" version="2.1.8" name="Adult Resolver SMR Extension" provider-name="gujal">
	<requires>
		<!-- <import addon="xbmc.python" version="2.1.0"/> -->
        <import addon="script.module.resolveurl" version="5.0.0" />
	</requires>
	<extension point="xbmc.python.module" library="lib" />
	<extension point="xbmc.addon.metadata">
		<summary lang="en">Resolve adult video host URL's to be playable in XBMC/Kodi.</summary>
		<description lang="en">Resolve adult video host URL's to be playable in XBMC/Kodi.</description>
		<platform>all</platform>
	</extension>
</addon>
